kerajaan;orang;peran;ayah;ibu;pasangan;anak;namaKerajaan;ibuKota;agama;pendahulu;penerus;tahunMulai;wikidataID;tglLahir;tglMati;saudara;kerabat;dinasti;personWikidataID;source;confidence_score;manual_check;data_source;master_id
Kesultanan Banjar;Soeria Kasoema;pejabat pemerintahan;Bayan Aji;Galuh Salamah;Ratu Lim Pe Tek Nio (Siti Ra’imah);;;Banjarmasin, Martapura, South Kalimantan, Murung Raya Regency;Sunni Islam;Negara Daha;Dutch East Indies;1526;;;;HM Normas, Ung Dibab (M. Jafri), Galuh Rahmah, Galuh Amnah (Aminah), H Hamid, HM Said (Corong);;;http://www.wikidata.org/entity/Q12515777;llm_imputed;0.9;False;Wikipedia Scrape;Soeria Kasoema
Kerajaan Klungkung;Dewa Agung Jambe I;;;;;Dewa Agung Gede;;;;;;;;;;;Dalem Di Made;;http://www.wikidata.org/entity/Q121154102;wikidata;1.0;False;;Dewa Agung Jambe I
Kerajaan Klungkung;Dewa Agung Jambe II;;Dewa Agung Putra III Bhatara Dalem;;;Dewa Agung Gede;;;;;;;;;;;Dalem Di Made;;http://www.wikidata.org/entity/Q121154102;wikidata;1.0;False;;Dewa Agung Jambe II
Kerajaan Klungkung;Dewa Agung Putra I Kusamba;;Dewa Agung Śakti;;;;;;;;;;;;;;;;http://www.wikidata.org/entity/Q121154109;wikidata;1.0;False;;Dewa Agung Putra I Kusamba
Kerajaan Klungkung;Dewa Agung Putra III Bhatara Dalem;;;;;Dewa Agung Jambe II;;;;;;;;;;;;;http://www.wikidata.org/entity/Q121154113;wikidata;1.0;False;;Dewa Agung Putra III Bhatara Dalem
Kesultanan Siak Sri Inderapura;Sultan Assyaidis Syarif Hasyim Abdul Jalil;;;;;;;;;;;;;;;;;;http://www.wikidata.org/entity/Q115163988;wikidata;1.0;False;;Sultan Assyaidis Syarif Hasyim Abdul Jalil
Kadipaten Surabaya;Jayalengkara;;;;;Pangeran Pekik;;Surabaya;Islam;Demak Sultanate;Mataram Sultanate;;;;;;;;http://www.wikidata.org/entity/Q133897328;wikidata;1.0;False;;Jayalengkara
Kesultanan Banjar;Adam dari Banjar;Sultan Banjar;Sulaiman dari Banjar;;;;;Banjarmasin, Martapura, South Kalimantan, Murung Raya Regency;Sunni Islam;Negara Daha;Dutch East Indies;1526;;1776-01-01T00:00:00Z;;;;;http://www.wikidata.org/entity/Q16163200;llm_imputed;0.8;False;Wikipedia Scrape;Adam dari Banjar
Kerajaan Mataram;Dyah Gula;;Rakai Warak;;;;;;;;;;;;;;;Wangsa Sailendra;http://www.wikidata.org/entity/Q130548966;wikidata;1.0;False;;Dyah Gula
Kesultanan Cirebon;Rara Santang;;Sri Baduga Maharaja;;Syarif Abdullah Umdatuddin;Sunan Gunung Jati;;;;;;;;1426-01-01T00:00:00Z;;;;;http://www.wikidata.org/entity/Q136235790;wikidata;1.0;False;;Rara Santang
Kerajaan Sunda;Rara Santang;;Sri Baduga Maharaja;;Syarif Abdullah Umdatuddin;Sunan Gunung Jati;;;;;;;;1426-01-01T00:00:00Z;;;;;http://www.wikidata.org/entity/Q136235790;wikidata;1.0;False;;Rara Santang
Majapahit;Mpu Tantular;;;;adik wanita Hayam Wuruk;Mpu Semaranata, Mpu Sidimantra, Mpu Panawasikan, Mpu Kepakisan;Majapahit;Trowulan;;Singhasari;Demak Sultanate;1292;http://www.wikidata.org/entity/Q49326;;;Hayam Wuruk (keponakan);;;http://www.wikidata.org/entity/Q108887941;llm_imputed;0.7;False;Wikipedia Scrape;Mpu Tantular
Majapahit;Mpu Tantular;;;;adik wanita Hayam Wuruk;Mpu Semaranata, Mpu Sidimantra, Mpu Panawasikan, Mpu Kepakisan;Majapahit;Trowulan;;Singhasari;Pagaruyung Kingdom;1292;http://www.wikidata.org/entity/Q49326;;;Hayam Wuruk (keponakan);;;http://www.wikidata.org/entity/Q108887941;llm_imputed;0.7;False;Wikipedia Scrape;Mpu Tantular
Majapahit;Mpu Tantular;;;;adik wanita Hayam Wuruk;Mpu Semaranata, Mpu Sidimantra, Mpu Panawasikan, Mpu Kepakisan;Majapahit;Trowulan;;Singhasari;Blambangan Kingdom;1292;http://www.wikidata.org/entity/Q49326;;;Hayam Wuruk (keponakan);;;http://www.wikidata.org/entity/Q108887941;llm_imputed;0.7;False;Wikipedia Scrape;Mpu Tantular
Majapahit;Mpu Tantular;;;;adik wanita Hayam Wuruk;Mpu Semaranata, Mpu Sidimantra, Mpu Panawasikan, Mpu Kepakisan;Majapahit;Trowulan;;Singhasari;Malacca Sultanate;1292;http://www.wikidata.org/entity/Q49326;;;Hayam Wuruk (keponakan);;;http://www.wikidata.org/entity/Q108887941;llm_imputed;0.7;False;Wikipedia Scrape;Mpu Tantular
Majapahit;Mpu Tantular;;;;adik wanita Hayam Wuruk;Mpu Semaranata, Mpu Sidimantra, Mpu Panawasikan, Mpu Kepakisan;Majapahit;Trowulan;;Singhasari;Sultanate of Gowa;1292;http://www.wikidata.org/entity/Q49326;;;Hayam Wuruk (keponakan);;;http://www.wikidata.org/entity/Q108887941;llm_imputed;0.7;False;Wikipedia Scrape;Mpu Tantular
Majapahit;Mpu Tantular;;;;adik wanita Hayam Wuruk;Mpu Semaranata, Mpu Sidimantra, Mpu Panawasikan, Mpu Kepakisan;Majapahit;Trowulan;;Singhasari;Bruneian Sultanate;1292;http://www.wikidata.org/entity/Q49326;;;Hayam Wuruk (keponakan);;;http://www.wikidata.org/entity/Q108887941;llm_imputed;0.7;False;Wikipedia Scrape;Mpu Tantular
Kesultanan Banjar;Surya Alam dari Banjar;Sultan Banjar;Tahlilullah;;;Tamjidillah I dari Banjar;;;;;;;;;;;;;http://www.wikidata.org/entity/Q12518174;wikidata;1.0;False;;Surya Alam dari Banjar
Kerajaan Klungkung;Dewa Agung Putra II;;;;;;;;;;;;;;;Dewa Agung Istri Kanya;;;http://www.wikidata.org/entity/Q121154111;wikidata;1.0;False;;Dewa Agung Putra II
Kesultanan Banjar;Inayatullah dari Banjar;Sultan Banjar;Mustain Billah dari Banjar;;;Sultan Agung dari Banjar;;Banjarmasin, Martapura, South Kalimantan, Murung Raya Regency;Sunni Islam;Negara Daha;Dutch East Indies;1526;;;;;;;http://www.wikidata.org/entity/Q10965522;wikidata;1.0;False;;Inayatullah dari Banjar
Kesultanan Banjar;Hamidullah dari Banjar;Sultan Banjar;Amirullah Bagus Kesuma;;;Pangeran Mohammad Aliuddin Aminullah;;Banjarmasin, Martapura, South Kalimantan, Murung Raya Regency;Sunni Islam;Negara Daha;Dutch East Indies;1526;;;;Pangeran Tamjidillah I;;;http://www.wikidata.org/entity/Q17998598;llm_imputed;0.9;False;Wikipedia Scrape;Tahmidullah II dari Banjar
Kesultanan Banjar;Inayatullah dari Banjar;Sultan Banjar;Mustain Billah dari Banjar;;;Saidullah dari Banjar;;Banjarmasin, Martapura, South Kalimantan, Murung Raya Regency;Sunni Islam;Negara Daha;Dutch East Indies;1526;;;;;;;http://www.wikidata.org/entity/Q10965522;wikidata;1.0;False;;Inayatullah dari Banjar
Majapahit;Kusumawardhani;;;;Wikramawardhana;;Majapahit;Trowulan;;Singhasari;Demak Sultanate;1292;http://www.wikidata.org/entity/Q49326;;;;;Wangsa Rajasa;http://www.wikidata.org/entity/Q119359616;wikidata;1.0;False;;Kusumawardhani
Majapahit;Kusumawardhani;;;;Wikramawardhana;;Majapahit;Trowulan;;Singhasari;Pagaruyung Kingdom;1292;http://www.wikidata.org/entity/Q49326;;;;;Wangsa Rajasa;http://www.wikidata.org/entity/Q119359616;wikidata;1.0;False;;Kusumawardhani
Majapahit;Kusumawardhani;;;;Wikramawardhana;;Majapahit;Trowulan;;Singhasari;Blambangan Kingdom;1292;http://www.wikidata.org/entity/Q49326;;;;;Wangsa Rajasa;http://www.wikidata.org/entity/Q119359616;wikidata;1.0;False;;Kusumawardhani
Majapahit;Kusumawardhani;;;;Wikramawardhana;;Majapahit;Trowulan;;Singhasari;Malacca Sultanate;1292;http://www.wikidata.org/entity/Q49326;;;;;Wangsa Rajasa;http://www.wikidata.org/entity/Q119359616;wikidata;1.0;False;;Kusumawardhani
Majapahit;Kusumawardhani;;;;Wikramawardhana;;Majapahit;Trowulan;;Singhasari;Sultanate of Gowa;1292;http://www.wikidata.org/entity/Q49326;;;;;Wangsa Rajasa;http://www.wikidata.org/entity/Q119359616;wikidata;1.0;False;;Kusumawardhani
Majapahit;Kusumawardhani;;;;Wikramawardhana;;Majapahit;Trowulan;;Singhasari;Bruneian Sultanate;1292;http://www.wikidata.org/entity/Q49326;;;;;Wangsa Rajasa;http://www.wikidata.org/entity/Q119359616;wikidata;1.0;False;;Kusumawardhani
Kesunanan Surakarta;Kanjeng Raden Mas Haryo Wuryaningrat;Ketua;;;;;;Surakarta;Kejawèn, Sunni Islam;Mataram Sultanate;Special Region of Surakarta;;;;;Kanjeng Raden Mas Haryo Sosrodiningrat V;;Kesunanan Surakarta;http://www.wikidata.org/entity/Q104765484;wikidata;1.0;False;;Kanjeng Raden Mas Haryo Wuryaningrat
Majapahit;Sunan Mertayasa;;Maulana Ishaq;;;;Majapahit;Trowulan;;Singhasari;Demak Sultanate;1292;http://www.wikidata.org/entity/Q49326;;;;;;http://www.wikidata.org/entity/Q137543347;wikidata;1.0;False;;Sunan Mertayasa
Majapahit;Sunan Mertayasa;;Maulana Ishaq;;;;Majapahit;Trowulan;;Singhasari;Pagaruyung Kingdom;1292;http://www.wikidata.org/entity/Q49326;;;;;;http://www.wikidata.org/entity/Q137543347;wikidata;1.0;False;;Sunan Mertayasa
Majapahit;Sunan Mertayasa;;Maulana Ishaq;;;;Majapahit;Trowulan;;Singhasari;Blambangan Kingdom;1292;http://www.wikidata.org/entity/Q49326;;;;;;http://www.wikidata.org/entity/Q137543347;wikidata;1.0;False;;Sunan Mertayasa
Majapahit;Sunan Mertayasa;;Maulana Ishaq;;;;Majapahit;Trowulan;;Singhasari;Malacca Sultanate;1292;http://www.wikidata.org/entity/Q49326;;;;;;http://www.wikidata.org/entity/Q137543347;wikidata;1.0;False;;Sunan Mertayasa
Majapahit;Sunan Mertayasa;;Maulana Ishaq;;;;Majapahit;Trowulan;;Singhasari;Sultanate of Gowa;1292;http://www.wikidata.org/entity/Q49326;;;;;;http://www.wikidata.org/entity/Q137543347;wikidata;1.0;False;;Sunan Mertayasa
Majapahit;Sunan Mertayasa;;Maulana Ishaq;;;;Majapahit;Trowulan;;Singhasari;Bruneian Sultanate;1292;http://www.wikidata.org/entity/Q49326;;;;;;http://www.wikidata.org/entity/Q137543347;wikidata;1.0;False;;Sunan Mertayasa
Kesultanan Banjar;Tamjidillah I dari Banjar;Sultan Banjar;Surya Alam dari Banjar;;;Tahmidullah II dari Banjar;;Banjarmasin, Martapura, South Kalimantan, Murung Raya Regency;Sunni Islam;Negara Daha;Dutch East Indies;1526;;;;;;;http://www.wikidata.org/entity/Q19741752;wikidata;1.0;False;;Tahmidullah II dari Banjar
Kesunanan Surakarta;Kanjeng Raden Mas Haryo Wuryaningrat;anggota parlemen;;;;;;Surakarta;Kejawèn, Sunni Islam;Mataram Sultanate;Special Region of Surakarta;;;;;Kanjeng Raden Mas Haryo Sosrodiningrat V;;Kesunanan Surakarta;http://www.wikidata.org/entity/Q104765484;wikidata;1.0;False;;Kanjeng Raden Mas Haryo Wuryaningrat
Kesultanan Siak Sri Inderapura;Sayyid Usman Syahabuddin;syekh;;;;Sultan Syarif Abdurrahman;;;;;;;;;;;;;http://www.wikidata.org/entity/Q135319723;wikidata;1.0;False;;Sayyid Usman Syahabuddin
Kesultanan Banjar;Muhammad Seman dari Banjar;Sultan Banjar;Pangeran Antasari;Nyai Fatimah;two Dayak princesses from the Ot Danum tribe;Gusti Berakit;;Banjarmasin, Martapura, South Kalimantan, Murung Raya Regency;Sunni Islam;Negara Daha;Dutch East Indies;1526;;1897-01-01T00:00:00Z;;;;;http://www.wikidata.org/entity/Q12499382;llm_imputed;0.9;False;Wikipedia Scrape;Muhammad Seman dari Banjar
Kesultanan Banjar;Rakyatullah dari Banjar;Sultan Banjar;Marhum Panembahan;Seorang selir dari suku Jawa;Andin Hayu, Nyai Mas Tapi;Raden Hangkut (Pangeran Aria Wiraraja), Puteri Samut (Puteri Galuh Hasanah), Puteri Kumkuma;;Banjarmasin, Martapura, South Kalimantan, Murung Raya Regency;Sunni Islam;Negara Daha;Dutch East Indies;1526;;;;;;;http://www.wikidata.org/entity/Q12507782;llm_imputed;0.9;False;Wikipedia Scrape;Rahmatullah dari Banjar
Kesultanan Banjar;Tamjidullah II dari Banjar;Sultan Banjar;Abdul Rahman dari Banjar;Nyai Biyar (Nyai Besar Aminah Putri Dayak Tionghoa);;;;Banjarmasin, Martapura, South Kalimantan, Murung Raya Regency;Sunni Islam;Negara Daha;Dutch East Indies;1526;;1817-01-01T00:00:00Z;;Hidayatullah II dari Banjar, Pangeran Ratu Rahmatullah;;;http://www.wikidata.org/entity/Q12519059;llm_imputed;0.9;False;Wikipedia Scrape;Tahmidullah II dari Banjar
Kerajaan Sunda;Prabu Gilingwesi;Raja (penguasa);Rakeyan Medang;;;;;;;;;;;;;;;Wangsa Sailendra;http://www.wikidata.org/entity/Q134481514;wikidata;1.0;False;;Prabu Gilingwesi
Kerajaan Sunda;Rakeyan Medang;Raja (penguasa);Hariang Banga;;;;;;;;;;;;;;;Wangsa Sailendra;http://www.wikidata.org/entity/Q134481418;wikidata;1.0;False;;Rakeyan Medang
Kesultanan Banjar;Patih Kuin;;;;;;;Banjarmasin, Martapura, South Kalimantan, Murung Raya Regency;Sunni Islam;Negara Daha;Dutch East Indies;1526;;;;;;;http://www.wikidata.org/entity/Q123755667;wikidata;1.0;False;;Patih Kuin
Kesultanan Siak Sri Inderapura;Sayyid Usman Syahabuddin;syekh;;;;Sayyid Ali dari Siak;;;;;;;;;;;;;http://www.wikidata.org/entity/Q135319723;wikidata;1.0;False;;Sayyid Usman Syahabuddin
Kerajaan Klungkung;Dewa Agung Gede;;Dewa Agung Jambe I;;;Dewa Agung Made;;;;;;;;;;;;;http://www.wikidata.org/entity/Q121154103;wikidata;1.0;False;;Dewa Agung Gede
Kerajaan Klungkung;Dewa Agung Made;;Dewa Agung Gede;;;Dewa Agung Śakti;;;;;;;;;;;;;http://www.wikidata.org/entity/Q121154105;wikidata;1.0;False;;Dewa Agung Made
Kerajaan Klungkung;Dewa Agung Śakti;;Dewa Agung Made;;;Dewa Agung Putra I Kusamba;;;;;;;;;;;;;http://www.wikidata.org/entity/Q121154107;wikidata;1.0;False;;Dewa Agung Śakti
Kesultanan Cirebon;Panembahan Ratu I;sultan;;;Glampok Raras;;;;;;;;;1547-01-01T00:00:00Z;1649-01-01T00:00:00Z;;;;http://www.wikidata.org/entity/Q132673938;llm_imputed;0.8;False;Wikipedia Scrape;Panembahan Ratu I
Majapahit;Kertabhumi;Raja (penguasa);Rajasawardhana;;;Bondan Kajawan;Majapahit;Trowulan;;Singhasari;Demak Sultanate;1292;http://www.wikidata.org/entity/Q49326;;1478-01-01T00:00:00Z;;;Wangsa Rajasa;http://www.wikidata.org/entity/Q127373583;wikidata;1.0;False;;Kertabhumi
Majapahit;Kertabhumi;Raja (penguasa);Rajasawardhana;;;Bondan Kajawan;Majapahit;Trowulan;;Singhasari;Pagaruyung Kingdom;1292;http://www.wikidata.org/entity/Q49326;;1478-01-01T00:00:00Z;;;Wangsa Rajasa;http://www.wikidata.org/entity/Q127373583;wikidata;1.0;False;;Kertabhumi
Majapahit;Kertabhumi;Raja (penguasa);Rajasawardhana;;;Bondan Kajawan;Majapahit;Trowulan;;Singhasari;Blambangan Kingdom;1292;http://www.wikidata.org/entity/Q49326;;1478-01-01T00:00:00Z;;;Wangsa Rajasa;http://www.wikidata.org/entity/Q127373583;wikidata;1.0;False;;Kertabhumi
Majapahit;Kertabhumi;Raja (penguasa);Rajasawardhana;;;Bondan Kajawan;Majapahit;Trowulan;;Singhasari;Malacca Sultanate;1292;http://www.wikidata.org/entity/Q49326;;1478-01-01T00:00:00Z;;;Wangsa Rajasa;http://www.wikidata.org/entity/Q127373583;wikidata;1.0;False;;Kertabhumi
Majapahit;Kertabhumi;Raja (penguasa);Rajasawardhana;;;Bondan Kajawan;Majapahit;Trowulan;;Singhasari;Sultanate of Gowa;1292;http://www.wikidata.org/entity/Q49326;;1478-01-01T00:00:00Z;;;Wangsa Rajasa;http://www.wikidata.org/entity/Q127373583;wikidata;1.0;False;;Kertabhumi
Majapahit;Kertabhumi;Raja (penguasa);Rajasawardhana;;;Bondan Kajawan;Majapahit;Trowulan;;Singhasari;Bruneian Sultanate;1292;http://www.wikidata.org/entity/Q49326;;1478-01-01T00:00:00Z;;;Wangsa Rajasa;http://www.wikidata.org/entity/Q127373583;wikidata;1.0;False;;Kertabhumi
Kesultanan Banjar;Hidayatullah I dari Banjar;Sultan Banjar;;;;Mustain Billah dari Banjar;;Banjarmasin, Martapura, South Kalimantan, Murung Raya Regency;Sunni Islam;Negara Daha;Dutch East Indies;1526;;;1595-01-01T00:00:00Z;;;;http://www.wikidata.org/entity/Q4272717;wikidata;1.0;False;;Rahmatullah dari Banjar
Kesultanan Cirebon;Pangeran Walangsungsang;Tumenggung;Sri Baduga Maharaja;;;;;;;;;;;1423-01-01T00:00:00Z;1529-01-01T00:00:00Z;;;;http://www.wikidata.org/entity/Q131955027;wikidata;1.0;False;;Pangeran Walangsungsang
Kesultanan Demak;Sunan Demak;;Sunan Ampel;;;;;;Islam;Demak Sultanate;Mataram Sultanate;1568;;1473-01-01T00:00:00Z;1570-01-01T00:00:00Z;;;;http://www.wikidata.org/entity/Q135552791;wikidata;1.0;False;;Sunan Demak
Majapahit;Kertabhumi;Raja (penguasa);Rajasawardhana;;;Raden Patah;Majapahit;Trowulan;;Singhasari;Demak Sultanate;1292;http://www.wikidata.org/entity/Q49326;;1478-01-01T00:00:00Z;;;Wangsa Rajasa;http://www.wikidata.org/entity/Q127373583;wikidata;1.0;False;;Kertabhumi
Majapahit;Kertabhumi;Raja (penguasa);Rajasawardhana;;;Raden Patah;Majapahit;Trowulan;;Singhasari;Pagaruyung Kingdom;1292;http://www.wikidata.org/entity/Q49326;;1478-01-01T00:00:00Z;;;Wangsa Rajasa;http://www.wikidata.org/entity/Q127373583;wikidata;1.0;False;;Kertabhumi
Majapahit;Kertabhumi;Raja (penguasa);Rajasawardhana;;;Raden Patah;Majapahit;Trowulan;;Singhasari;Blambangan Kingdom;1292;http://www.wikidata.org/entity/Q49326;;1478-01-01T00:00:00Z;;;Wangsa Rajasa;http://www.wikidata.org/entity/Q127373583;wikidata;1.0;False;;Kertabhumi
Majapahit;Kertabhumi;Raja (penguasa);Rajasawardhana;;;Raden Patah;Majapahit;Trowulan;;Singhasari;Malacca Sultanate;1292;http://www.wikidata.org/entity/Q49326;;1478-01-01T00:00:00Z;;;Wangsa Rajasa;http://www.wikidata.org/entity/Q127373583;wikidata;1.0;False;;Kertabhumi
Majapahit;Kertabhumi;Raja (penguasa);Rajasawardhana;;;Raden Patah;Majapahit;Trowulan;;Singhasari;Sultanate of Gowa;1292;http://www.wikidata.org/entity/Q49326;;1478-01-01T00:00:00Z;;;Wangsa Rajasa;http://www.wikidata.org/entity/Q127373583;wikidata;1.0;False;;Kertabhumi
Majapahit;Kertabhumi;Raja (penguasa);Rajasawardhana;;;Raden Patah;Majapahit;Trowulan;;Singhasari;Bruneian Sultanate;1292;http://www.wikidata.org/entity/Q49326;;1478-01-01T00:00:00Z;;;Wangsa Rajasa;http://www.wikidata.org/entity/Q127373583;wikidata;1.0;False;;Kertabhumi
Majapahit;Sunan Demak;;Sunan Ampel;;;;Majapahit;Trowulan;Islam;Singhasari;Demak Sultanate;1568;http://www.wikidata.org/entity/Q49326;1473-01-01T00:00:00Z;1570-01-01T00:00:00Z;;;;http://www.wikidata.org/entity/Q135552791;wikidata;1.0;False;;Sunan Demak
Majapahit;Sunan Demak;;Sunan Ampel;;;;Majapahit;Trowulan;Islam;Singhasari;Pagaruyung Kingdom;1568;http://www.wikidata.org/entity/Q49326;1473-01-01T00:00:00Z;1570-01-01T00:00:00Z;;;;http://www.wikidata.org/entity/Q135552791;wikidata;1.0;False;;Sunan Demak
Majapahit;Sunan Demak;;Sunan Ampel;;;;Majapahit;Trowulan;Islam;Singhasari;Blambangan Kingdom;1568;http://www.wikidata.org/entity/Q49326;1473-01-01T00:00:00Z;1570-01-01T00:00:00Z;;;;http://www.wikidata.org/entity/Q135552791;wikidata;1.0;False;;Sunan Demak
Majapahit;Sunan Demak;;Sunan Ampel;;;;Majapahit;Trowulan;Islam;Singhasari;Malacca Sultanate;1568;http://www.wikidata.org/entity/Q49326;1473-01-01T00:00:00Z;1570-01-01T00:00:00Z;;;;http://www.wikidata.org/entity/Q135552791;wikidata;1.0;False;;Sunan Demak
Majapahit;Sunan Demak;;Sunan Ampel;;;;Majapahit;Trowulan;Islam;Singhasari;Sultanate of Gowa;1568;http://www.wikidata.org/entity/Q49326;1473-01-01T00:00:00Z;1570-01-01T00:00:00Z;;;;http://www.wikidata.org/entity/Q135552791;wikidata;1.0;False;;Sunan Demak
Majapahit;Sunan Demak;;Sunan Ampel;;;;Majapahit;Trowulan;Islam;Singhasari;Bruneian Sultanate;1568;http://www.wikidata.org/entity/Q49326;1473-01-01T00:00:00Z;1570-01-01T00:00:00Z;;;;http://www.wikidata.org/entity/Q135552791;wikidata;1.0;False;;Sunan Demak
Majapahit;Raden Hamzah;;Sunan Ampel;;;Sunan Bayat;Majapahit;Trowulan;;Singhasari;Demak Sultanate;;http://www.wikidata.org/entity/Q49326;1423-01-01T00:00:00Z;1478-01-01T00:00:00Z;;;;http://www.wikidata.org/entity/Q133605804;wikidata;1.0;False;;Raden Hamzah
Majapahit;Raden Hamzah;;Sunan Ampel;;;Sunan Bayat;Majapahit;Trowulan;;Singhasari;Pagaruyung Kingdom;;http://www.wikidata.org/entity/Q49326;1423-01-01T00:00:00Z;1478-01-01T00:00:00Z;;;;http://www.wikidata.org/entity/Q133605804;wikidata;1.0;False;;Raden Hamzah
Majapahit;Raden Hamzah;;Sunan Ampel;;;Sunan Bayat;Majapahit;Trowulan;;Singhasari;Blambangan Kingdom;;http://www.wikidata.org/entity/Q49326;1423-01-01T00:00:00Z;1478-01-01T00:00:00Z;;;;http://www.wikidata.org/entity/Q133605804;wikidata;1.0;False;;Raden Hamzah
Majapahit;Raden Hamzah;;Sunan Ampel;;;Sunan Bayat;Majapahit;Trowulan;;Singhasari;Malacca Sultanate;;http://www.wikidata.org/entity/Q49326;1423-01-01T00:00:00Z;1478-01-01T00:00:00Z;;;;http://www.wikidata.org/entity/Q133605804;wikidata;1.0;False;;Raden Hamzah
Majapahit;Raden Hamzah;;Sunan Ampel;;;Sunan Bayat;Majapahit;Trowulan;;Singhasari;Sultanate of Gowa;;http://www.wikidata.org/entity/Q49326;1423-01-01T00:00:00Z;1478-01-01T00:00:00Z;;;;http://www.wikidata.org/entity/Q133605804;wikidata;1.0;False;;Raden Hamzah
Majapahit;Raden Hamzah;;Sunan Ampel;;;Sunan Bayat;Majapahit;Trowulan;;Singhasari;Bruneian Sultanate;;http://www.wikidata.org/entity/Q49326;1423-01-01T00:00:00Z;1478-01-01T00:00:00Z;;;;http://www.wikidata.org/entity/Q133605804;wikidata;1.0;False;;Raden Hamzah
Kesultanan Siak Sri Inderapura;Abdul Jalil Syah dari Siak;Sultan Johor;Mahmud Syah II dari Johor;;;Mahmud dari Siak;;;;;;;;http://www.wikidata.org/.well-known/genid/3a4ab4bd80af2264d5e0a0c45a341902;1746-01-01T00:00:00Z;;;;http://www.wikidata.org/entity/Q11169169;wikidata;1.0;False;;Abdul Jalil Syah dari Siak
Kesultanan Banjar;Tahmidullah II dari Banjar;Sultan Banjar;Tamjidillah I dari Banjar;;;Sulaiman dari Banjar;;;;;;;;1727-01-01T00:00:00Z;1801-04-19T00:00:00Z;;;;http://www.wikidata.org/entity/Q12517718;wikidata;1.0;False;;Tahmidullah II dari Banjar
Majapahit;Suraprabhawa;Kaisar;Kertawijaya;;;;Majapahit;Trowulan;;Singhasari;Demak Sultanate;1292;http://www.wikidata.org/entity/Q49326;http://www.wikidata.org/.well-known/genid/d19d70b480afeed45b16fcc26c548741;1474-01-01T00:00:00Z;;;;http://www.wikidata.org/entity/Q19748670;wikidata;1.0;False;;Suraprabhawa
Majapahit;Suraprabhawa;Kaisar;Kertawijaya;;;;Majapahit;Trowulan;;Singhasari;Pagaruyung Kingdom;1292;http://www.wikidata.org/entity/Q49326;http://www.wikidata.org/.well-known/genid/d19d70b480afeed45b16fcc26c548741;1474-01-01T00:00:00Z;;;;http://www.wikidata.org/entity/Q19748670;wikidata;1.0;False;;Suraprabhawa
Majapahit;Suraprabhawa;Kaisar;Kertawijaya;;;;Majapahit;Trowulan;;Singhasari;Blambangan Kingdom;1292;http://www.wikidata.org/entity/Q49326;http://www.wikidata.org/.well-known/genid/d19d70b480afeed45b16fcc26c548741;1474-01-01T00:00:00Z;;;;http://www.wikidata.org/entity/Q19748670;wikidata;1.0;False;;Suraprabhawa
Majapahit;Suraprabhawa;Kaisar;Kertawijaya;;;;Majapahit;Trowulan;;Singhasari;Malacca Sultanate;1292;http://www.wikidata.org/entity/Q49326;http://www.wikidata.org/.well-known/genid/d19d70b480afeed45b16fcc26c548741;1474-01-01T00:00:00Z;;;;http://www.wikidata.org/entity/Q19748670;wikidata;1.0;False;;Suraprabhawa
Majapahit;Suraprabhawa;Kaisar;Kertawijaya;;;;Majapahit;Trowulan;;Singhasari;Sultanate of Gowa;1292;http://www.wikidata.org/entity/Q49326;http://www.wikidata.org/.well-known/genid/d19d70b480afeed45b16fcc26c548741;1474-01-01T00:00:00Z;;;;http://www.wikidata.org/entity/Q19748670;wikidata;1.0;False;;Suraprabhawa
Majapahit;Suraprabhawa;Kaisar;Kertawijaya;;;;Majapahit;Trowulan;;Singhasari;Bruneian Sultanate;1292;http://www.wikidata.org/entity/Q49326;http://www.wikidata.org/.well-known/genid/d19d70b480afeed45b16fcc26c548741;1474-01-01T00:00:00Z;;;;http://www.wikidata.org/entity/Q19748670;wikidata;1.0;False;;Suraprabhawa
Kesultanan Banjar;Mustain Billah dari Banjar;Sultan Banjar;Hidayatullah I dari Banjar;;;Inayatullah dari Banjar;;Banjarmasin, Martapura, South Kalimantan, Murung Raya Regency;Sunni Islam;Negara Daha;Dutch East Indies;1526;;;1638-01-01T00:00:00Z;;;;http://www.wikidata.org/entity/Q19752264;wikidata;1.0;False;;Mustain Billah dari Banjar
Majapahit;Ra Kuti;;;;;;Majapahit;Trowulan;;Singhasari;Demak Sultanate;1292;http://www.wikidata.org/entity/Q49326;;1319-01-01T00:00:00Z;Ra Semi, Ra Tanca, Ra Wedeng, Ra Yuyu, Ra Banyak, Ra Pangsa;;;http://www.wikidata.org/entity/Q119347221;llm_imputed;0.8;False;Wikipedia Scrape;Ra Kuti
Majapahit;Ra Kuti;;;;;;Majapahit;Trowulan;;Singhasari;Pagaruyung Kingdom;1292;http://www.wikidata.org/entity/Q49326;;1319-01-01T00:00:00Z;Ra Semi, Ra Tanca, Ra Wedeng, Ra Yuyu, Ra Banyak, Ra Pangsa;;;http://www.wikidata.org/entity/Q119347221;llm_imputed;0.8;False;Wikipedia Scrape;Ra Kuti
Majapahit;Ra Kuti;;;;;;Majapahit;Trowulan;;Singhasari;Blambangan Kingdom;1292;http://www.wikidata.org/entity/Q49326;;1319-01-01T00:00:00Z;Ra Semi, Ra Tanca, Ra Wedeng, Ra Yuyu, Ra Banyak, Ra Pangsa;;;http://www.wikidata.org/entity/Q119347221;llm_imputed;0.8;False;Wikipedia Scrape;Ra Kuti
Majapahit;Ra Kuti;;;;;;Majapahit;Trowulan;;Singhasari;Malacca Sultanate;1292;http://www.wikidata.org/entity/Q49326;;1319-01-01T00:00:00Z;Ra Semi, Ra Tanca, Ra Wedeng, Ra Yuyu, Ra Banyak, Ra Pangsa;;;http://www.wikidata.org/entity/Q119347221;llm_imputed;0.8;False;Wikipedia Scrape;Ra Kuti
Majapahit;Ra Kuti;;;;;;Majapahit;Trowulan;;Singhasari;Sultanate of Gowa;1292;http://www.wikidata.org/entity/Q49326;;1319-01-01T00:00:00Z;Ra Semi, Ra Tanca, Ra Wedeng, Ra Yuyu, Ra Banyak, Ra Pangsa;;;http://www.wikidata.org/entity/Q119347221;llm_imputed;0.8;False;Wikipedia Scrape;Ra Kuti
Majapahit;Ra Kuti;;;;;;Majapahit;Trowulan;;Singhasari;Bruneian Sultanate;1292;http://www.wikidata.org/entity/Q49326;;1319-01-01T00:00:00Z;Ra Semi, Ra Tanca, Ra Wedeng, Ra Yuyu, Ra Banyak, Ra Pangsa;;;http://www.wikidata.org/entity/Q119347221;llm_imputed;0.8;False;Wikipedia Scrape;Ra Kuti
Kesultanan Banjar;Sulaiman dari Banjar;Sultan Banjar;Tahmidullah II dari Banjar;;;;;;;;;;;1761-01-01T00:00:00Z;1825-06-03T00:00:00Z;;;;http://www.wikidata.org/entity/Q12517283;wikidata;1.0;False;;Sulaiman dari Banjar
Kesultanan Banjar;Rahmatullah dari Banjar;Sultan Banjar;Suriansyah dari Banjar;;;Pangeran Damang, Raden Zakaria, Sultan Hidayatullah;;Banjarmasin, Martapura, South Kalimantan, Murung Raya Regency;Sunni Islam;Negara Daha;Dutch East Indies;1526;;;1570-01-01T00:00:00Z;Pangeran Anom, Putri Mayang Sari;;;http://www.wikidata.org/entity/Q6684550;llm_imputed;0.9;False;Wikipedia Scrape;Rahmatullah dari Banjar
Majapahit;Gajah Mada;;;;;;Majapahit;Trowulan;;Singhasari;Demak Sultanate;1292;http://www.wikidata.org/entity/Q49326;1290-01-01T00:00:00Z;1364-01-01T00:00:00Z;;;;http://www.wikidata.org/entity/Q49329;llm_imputed;0.0;False;Wikipedia Scrape;Gajah Mada
Majapahit;Gajah Mada;;;;;;Majapahit;Trowulan;;Singhasari;Pagaruyung Kingdom;1292;http://www.wikidata.org/entity/Q49326;1290-01-01T00:00:00Z;1364-01-01T00:00:00Z;;;;http://www.wikidata.org/entity/Q49329;llm_imputed;0.0;False;Wikipedia Scrape;Gajah Mada
Majapahit;Gajah Mada;;;;;;Majapahit;Trowulan;;Singhasari;Blambangan Kingdom;1292;http://www.wikidata.org/entity/Q49326;1290-01-01T00:00:00Z;1364-01-01T00:00:00Z;;;;http://www.wikidata.org/entity/Q49329;llm_imputed;0.0;False;Wikipedia Scrape;Gajah Mada
Majapahit;Gajah Mada;;;;;;Majapahit;Trowulan;;Singhasari;Malacca Sultanate;1292;http://www.wikidata.org/entity/Q49326;1290-01-01T00:00:00Z;1364-01-01T00:00:00Z;;;;http://www.wikidata.org/entity/Q49329;llm_imputed;0.0;False;Wikipedia Scrape;Gajah Mada
Majapahit;Gajah Mada;;;;;;Majapahit;Trowulan;;Singhasari;Sultanate of Gowa;1292;http://www.wikidata.org/entity/Q49326;1290-01-01T00:00:00Z;1364-01-01T00:00:00Z;;;;http://www.wikidata.org/entity/Q49329;llm_imputed;0.0;False;Wikipedia Scrape;Gajah Mada
Majapahit;Gajah Mada;;;;;;Majapahit;Trowulan;;Singhasari;Bruneian Sultanate;1292;http://www.wikidata.org/entity/Q49326;1290-01-01T00:00:00Z;1364-01-01T00:00:00Z;;;;http://www.wikidata.org/entity/Q49329;llm_imputed;0.0;False;Wikipedia Scrape;Gajah Mada
Kerajaan Kadiri;Kertajaya;;Bhathati;;;;;;;;;;;;1222-01-01T00:00:00Z;;;Wangsa Isyana;http://www.wikidata.org/entity/Q111678312;llm_imputed;0.7;False;Wikipedia Scrape;Kertajaya
Kesultanan Banjar;Suriansyah dari Banjar;Sultan Banjar;Raden Mantri Alu;Puteri Galuh Beranakan (Ratu Intan Sari);;;;Banjarmasin, Martapura, South Kalimantan, Murung Raya Regency;Sunni Islam;Negara Daha;Dutch East Indies;1526;;;1546-01-01T00:00:00Z;;;;http://www.wikidata.org/entity/Q10950705;llm_imputed;0.9;False;Wikipedia Scrape;Suriansyah dari Banjar
Kesultanan Pajang;Sunan Demak;;Sunan Ampel;;;;;;Islam;Demak Sultanate;Mataram Sultanate;1568;;1473-01-01T00:00:00Z;1570-01-01T00:00:00Z;;;;http://www.wikidata.org/entity/Q135552791;wikidata;1.0;False;;Sunan Demak
Kerajaan Sunda;Pangeran Walangsungsang;Tumenggung;Sri Baduga Maharaja;;;;;;;;;;;1423-01-01T00:00:00Z;1529-01-01T00:00:00Z;;;;http://www.wikidata.org/entity/Q131955027;wikidata;1.0;False;;Pangeran Walangsungsang
Kesultanan Banjar;Tahlilullah;Sultan Banjar;Saidullah dari Banjar;;;Surya Alam dari Banjar;;Banjarmasin, Martapura, South Kalimantan, Murung Raya Regency;Sunni Islam;Negara Daha;Dutch East Indies;1526;;1654-01-01T00:00:00Z;1708-01-01T00:00:00Z;;;;http://www.wikidata.org/entity/Q19748674;wikidata;1.0;False;;Tahlilullah
Kesultanan Banjar;Muhammad dari Banjar;Sultan Banjar;Hamidullah;;Putri Tamjidillah I;;;Banjarmasin, Martapura, South Kalimantan, Murung Raya Regency;Sunni Islam;Negara Daha;Dutch East Indies;1526;;1730-01-01T00:00:00Z;1761-01-16T00:00:00Z;;;;http://www.wikidata.org/entity/Q12499402;llm_imputed;0.8;False;Wikipedia Scrape;Muhammad dari Banjar
Kesultanan Tidore;Mir of Tidore;sultan;Al-Mansur dari Tidore;;;;;Tidore;Sunni Islam;;Dutch East Indies;1081;;1510-01-01T00:00:00Z;1550-01-01T00:00:00Z;;;;http://www.wikidata.org/entity/Q89377011;wikidata;1.0;False;;Mir of Tidore
Kesultanan Tidore;Al-Mansur dari Tidore;sultan;;;;Mir of Tidore;;Tidore;Sunni Islam;;Dutch East Indies;1081;;;1526-01-01T00:00:00Z;;;;http://www.wikidata.org/entity/Q89372631;wikidata;1.0;False;;Al-Mansur dari Tidore
Kesultanan Demak;Raden Hamzah;;Sunan Ampel;;;Sunan Bayat;;;;;;;;1423-01-01T00:00:00Z;1478-01-01T00:00:00Z;;;;http://www.wikidata.org/entity/Q133605804;wikidata;1.0;False;;Raden Hamzah
Kerajaan Mataram;Mpu Sindok;;;;;Sri Isyana Tunggawijaya;;;;;;;;;0947-01-01T00:00:00Z;;;;http://www.wikidata.org/entity/Q47684;wikidata;1.0;False;;Mpu Sindok
Kerajaan Mataram;Dharmawangsa Teguh;Raja (penguasa);Makuthawangsawardhana;;;Istri Airlangga, Istri Sri Jayabhupati;;;;;;;;1000-01-01T00:00:00Z;1007-01-01T00:00:00Z;Mahendradatta;;;http://www.wikidata.org/entity/Q3276813;llm_imputed;0.9;False;Wikipedia Scrape;Dharmawangsa Teguh
Kesultanan Banjar;Saidullah dari Banjar;Sultan Banjar;Inayatullah dari Banjar;;;Tahlilullah;;Banjarmasin, Martapura, South Kalimantan, Murung Raya Regency;Sunni Islam;Negara Daha;Dutch East Indies;1526;;;1660-01-01T00:00:00Z;;;;http://www.wikidata.org/entity/Q10975742;wikidata;1.0;False;;Saidullah dari Banjar
Majapahit;Kertabhumi;Raja (penguasa);Rajasawardhana;;;Raden Bondan Kedjawen;Majapahit;Trowulan;;Singhasari;Demak Sultanate;1292;http://www.wikidata.org/entity/Q49326;;1478-01-01T00:00:00Z;;;Wangsa Rajasa;http://www.wikidata.org/entity/Q127373583;wikidata;1.0;False;;Kertabhumi
Majapahit;Kertabhumi;Raja (penguasa);Rajasawardhana;;;Raden Bondan Kedjawen;Majapahit;Trowulan;;Singhasari;Pagaruyung Kingdom;1292;http://www.wikidata.org/entity/Q49326;;1478-01-01T00:00:00Z;;;Wangsa Rajasa;http://www.wikidata.org/entity/Q127373583;wikidata;1.0;False;;Kertabhumi
Majapahit;Kertabhumi;Raja (penguasa);Rajasawardhana;;;Raden Bondan Kedjawen;Majapahit;Trowulan;;Singhasari;Blambangan Kingdom;1292;http://www.wikidata.org/entity/Q49326;;1478-01-01T00:00:00Z;;;Wangsa Rajasa;http://www.wikidata.org/entity/Q127373583;wikidata;1.0;False;;Kertabhumi
Majapahit;Kertabhumi;Raja (penguasa);Rajasawardhana;;;Raden Bondan Kedjawen;Majapahit;Trowulan;;Singhasari;Malacca Sultanate;1292;http://www.wikidata.org/entity/Q49326;;1478-01-01T00:00:00Z;;;Wangsa Rajasa;http://www.wikidata.org/entity/Q127373583;wikidata;1.0;False;;Kertabhumi
Majapahit;Kertabhumi;Raja (penguasa);Rajasawardhana;;;Raden Bondan Kedjawen;Majapahit;Trowulan;;Singhasari;Sultanate of Gowa;1292;http://www.wikidata.org/entity/Q49326;;1478-01-01T00:00:00Z;;;Wangsa Rajasa;http://www.wikidata.org/entity/Q127373583;wikidata;1.0;False;;Kertabhumi
Majapahit;Kertabhumi;Raja (penguasa);Rajasawardhana;;;Raden Bondan Kedjawen;Majapahit;Trowulan;;Singhasari;Bruneian Sultanate;1292;http://www.wikidata.org/entity/Q49326;;1478-01-01T00:00:00Z;;;Wangsa Rajasa;http://www.wikidata.org/entity/Q127373583;wikidata;1.0;False;;Kertabhumi
Majapahit;Kertabhumi;Raja (penguasa);Rajasawardhana;;;Bathara Katong;Majapahit;Trowulan;;Singhasari;Demak Sultanate;1292;http://www.wikidata.org/entity/Q49326;;1478-01-01T00:00:00Z;;;Wangsa Rajasa;http://www.wikidata.org/entity/Q127373583;wikidata;1.0;False;;Kertabhumi
Majapahit;Kertabhumi;Raja (penguasa);Rajasawardhana;;;Bathara Katong;Majapahit;Trowulan;;Singhasari;Pagaruyung Kingdom;1292;http://www.wikidata.org/entity/Q49326;;1478-01-01T00:00:00Z;;;Wangsa Rajasa;http://www.wikidata.org/entity/Q127373583;wikidata;1.0;False;;Kertabhumi
Majapahit;Kertabhumi;Raja (penguasa);Rajasawardhana;;;Bathara Katong;Majapahit;Trowulan;;Singhasari;Blambangan Kingdom;1292;http://www.wikidata.org/entity/Q49326;;1478-01-01T00:00:00Z;;;Wangsa Rajasa;http://www.wikidata.org/entity/Q127373583;wikidata;1.0;False;;Kertabhumi
Majapahit;Kertabhumi;Raja (penguasa);Rajasawardhana;;;Bathara Katong;Majapahit;Trowulan;;Singhasari;Malacca Sultanate;1292;http://www.wikidata.org/entity/Q49326;;1478-01-01T00:00:00Z;;;Wangsa Rajasa;http://www.wikidata.org/entity/Q127373583;wikidata;1.0;False;;Kertabhumi
Majapahit;Kertabhumi;Raja (penguasa);Rajasawardhana;;;Bathara Katong;Majapahit;Trowulan;;Singhasari;Sultanate of Gowa;1292;http://www.wikidata.org/entity/Q49326;;1478-01-01T00:00:00Z;;;Wangsa Rajasa;http://www.wikidata.org/entity/Q127373583;wikidata;1.0;False;;Kertabhumi
Majapahit;Kertabhumi;Raja (penguasa);Rajasawardhana;;;Bathara Katong;Majapahit;Trowulan;;Singhasari;Bruneian Sultanate;1292;http://www.wikidata.org/entity/Q49326;;1478-01-01T00:00:00Z;;;Wangsa Rajasa;http://www.wikidata.org/entity/Q127373583;wikidata;1.0;False;;Kertabhumi
Majapahit;Kertabhumi;Raja (penguasa);Rajasawardhana;;;Ratu Ratna Pembayun;Majapahit;Trowulan;;Singhasari;Demak Sultanate;1292;http://www.wikidata.org/entity/Q49326;;1478-01-01T00:00:00Z;;;Wangsa Rajasa;http://www.wikidata.org/entity/Q127373583;wikidata;1.0;False;;Kertabhumi
Majapahit;Kertabhumi;Raja (penguasa);Rajasawardhana;;;Ratu Ratna Pembayun;Majapahit;Trowulan;;Singhasari;Pagaruyung Kingdom;1292;http://www.wikidata.org/entity/Q49326;;1478-01-01T00:00:00Z;;;Wangsa Rajasa;http://www.wikidata.org/entity/Q127373583;wikidata;1.0;False;;Kertabhumi
Majapahit;Kertabhumi;Raja (penguasa);Rajasawardhana;;;Ratu Ratna Pembayun;Majapahit;Trowulan;;Singhasari;Blambangan Kingdom;1292;http://www.wikidata.org/entity/Q49326;;1478-01-01T00:00:00Z;;;Wangsa Rajasa;http://www.wikidata.org/entity/Q127373583;wikidata;1.0;False;;Kertabhumi
Majapahit;Kertabhumi;Raja (penguasa);Rajasawardhana;;;Ratu Ratna Pembayun;Majapahit;Trowulan;;Singhasari;Malacca Sultanate;1292;http://www.wikidata.org/entity/Q49326;;1478-01-01T00:00:00Z;;;Wangsa Rajasa;http://www.wikidata.org/entity/Q127373583;wikidata;1.0;False;;Kertabhumi
Majapahit;Kertabhumi;Raja (penguasa);Rajasawardhana;;;Ratu Ratna Pembayun;Majapahit;Trowulan;;Singhasari;Sultanate of Gowa;1292;http://www.wikidata.org/entity/Q49326;;1478-01-01T00:00:00Z;;;Wangsa Rajasa;http://www.wikidata.org/entity/Q127373583;wikidata;1.0;False;;Kertabhumi
Majapahit;Kertabhumi;Raja (penguasa);Rajasawardhana;;;Ratu Ratna Pembayun;Majapahit;Trowulan;;Singhasari;Bruneian Sultanate;1292;http://www.wikidata.org/entity/Q49326;;1478-01-01T00:00:00Z;;;Wangsa Rajasa;http://www.wikidata.org/entity/Q127373583;wikidata;1.0;False;;Kertabhumi
Kesultanan Aceh;Safiatuddin dari Aceh;;Iskandar Muda dari Aceh;;Iskandar Tsani dari Aceh;;;Banda Aceh, Indrapuri, Aceh Besar;Sunni Islam;Lambri, Pasai, Pidie;Dutch East Indies;1496;;1612-01-01T00:00:00Z;1675-01-01T00:00:00Z;;;;http://www.wikidata.org/entity/Q7676752;wikidata;1.0;False;;Safiatuddin dari Aceh
Kesultanan Aceh;Nuruddin al-Raniri;;Ali ibnu Hasanji ibnu Muhammad Hamid;;;;;Banda Aceh, Indrapuri, Aceh Besar;Sunni Islam;Lambri, Pasai, Pidie;Dutch East Indies;1496;;http://www.wikidata.org/.well-known/genid/d0bb1675fb12f03a03c16b47017767af;1658-09-21T00:00:00Z;;;;http://www.wikidata.org/entity/Q7070303;llm_imputed;0.8;False;Wikipedia Scrape;Nuruddin al-Raniri
Kesultanan Aceh;Husain Ali Riayat Syah dari Aceh;;Alauddin al-Qahhar dari Aceh;;;Muda dari Aceh;;Banda Aceh, Indrapuri, Aceh Besar;Sunni Islam;Lambri, Pasai, Pidie;Dutch East Indies;1496;;;1579-06-08T00:00:00Z;;;;http://www.wikidata.org/entity/Q12709858;wikidata;1.0;False;;Husain Ali Riayat Syah dari Aceh
Kesultanan Demak;Sunan Gunung Jati;;Syarif Abdullah Umdatuddin;;;Maulana Hasanuddin;;;;;;;;1448-01-01T00:00:00Z;1569-01-01T00:00:00Z;;;Alawiyyin;http://www.wikidata.org/entity/Q4201195;wikidata;1.0;False;;Sunan Gunung Jati
kerajaan demak;Sunan Bonang;;Sunan Ampel;;;;;;;;;;;1465-01-01T00:00:00Z;1525-01-01T00:00:00Z;Sunan Drajat;Sunan Giri;;http://www.wikidata.org/entity/Q7443276;wikidata;1.0;False;;Sunan Bonang
Kesultanan Banten;Maulana Muhammad;;Maulana Yusuf;;;Abu al-Mafakhir;;;;;;;;1982-08-08T00:00:00Z;;;;;http://www.wikidata.org/entity/Q123896563;wikidata;1.0;False;;Maulana Muhammad
Kesultanan Cirebon;Sunan Gunung Jati;;Syarif Abdullah Umdatuddin;;;Maulana Hasanuddin;;;;;;;;1448-01-01T00:00:00Z;1569-01-01T00:00:00Z;;;Alawiyyin;http://www.wikidata.org/entity/Q4201195;wikidata;1.0;False;;Sunan Gunung Jati
Kesultanan Banten;Syifa Zainularifin;;Abu al-Mahasin;;;Arif Zainulasyiqin;;Old Banten;;Cirebon Sultanate, Demak Sultanate, Sunda Kingdom;Bantam Presidency, Bantam Residency, Batavia, Dutch East IndiesBatavia;1526;;http://www.wikidata.org/.well-known/genid/1de0d03f0e665e7aaf6d143b26b7c5d7;1750-01-01T00:00:00Z;Wasi Zainulalimin;;;http://www.wikidata.org/entity/Q57820133;wikidata;1.0;False;;Syifa Zainularifin
Kesultanan Banten;Abu al-Ma'ali;;Abu al-Mafakhir;;;Tirtayasa dari Banten;;Old Banten;;Cirebon Sultanate, Demak Sultanate, Sunda Kingdom;Bantam Presidency, Bantam Residency, Batavia, Dutch East IndiesBatavia;1526;;http://www.wikidata.org/.well-known/genid/18c9b24f542db93a3c45cebe1db76186;1650-01-01T00:00:00Z;;;;http://www.wikidata.org/entity/Q41799422;wikidata;1.0;False;;Abu al-Ma'ali
Kesultanan Aceh;Sultan Ali Riayat Syah;;Sultan Alauddin Riayat Syah;;;;;Banda Aceh, Indrapuri, Aceh Besar;Sunni Islam;Lambri, Pasai, Pidie;Dutch East Indies;1496;;;1607-04-04T00:00:00Z;;;;http://www.wikidata.org/entity/Q17424988;wikidata;1.0;False;;Sultan Ali Riayat Syah
Kesultanan Aceh;Alauddin al-Qahhar dari Aceh;;Ali Mughayat Syah dari Aceh;;;Husain Ali Riayat Syah dari Aceh;;Banda Aceh, Indrapuri, Aceh Besar;Sunni Islam;Lambri, Pasai, Pidie;Dutch East Indies;1496;;;1571-09-28T00:00:00Z;;;;http://www.wikidata.org/entity/Q4708856;wikidata;1.0;False;;Alauddin al-Qahhar dari Aceh
Kesultanan Demak;Sunan Kudus;;Sunan Ngudung;;;;;;;;;;;;1550-01-01T00:00:00Z;;;;http://www.wikidata.org/entity/Q5261519;wikidata;1.0;False;;Sunan Kudus
Kesultanan Aceh;Sultan Alauddin Johan Syah;;Sultan Alauddin Ahmad Syah;;;Sultan Alauddin Mahmud Syah I;;Banda Aceh, Indrapuri, Aceh Besar;Sunni Islam;Lambri, Pasai, Pidie;Dutch East Indies;1496;;;1760-01-01T00:00:00Z;;;;http://www.wikidata.org/entity/Q18204961;wikidata;1.0;False;;Sultan Alauddin Johan Syah
Kesultanan Aceh;Alauddin al-Qahhar dari Aceh;;Ali Mughayat Syah dari Aceh;;;Sri Alam dari Aceh;;Banda Aceh, Indrapuri, Aceh Besar;Sunni Islam;Lambri, Pasai, Pidie;Dutch East Indies;1496;;;1571-09-28T00:00:00Z;;;;http://www.wikidata.org/entity/Q4708856;wikidata;1.0;False;;Alauddin al-Qahhar dari Aceh
Kerajaan Kubu;Elizabeth Carter;;Rev. Nicolas Carter;Margaret Swayne;;;;, Batusangkar, Jepara, Kediri (city), Kolonodale, Kota Pinang, Kotapinang, Malangke, Manado Tua, Palopo, Pegun Island, Pekalongan, Sumenep (town), Watampone;, Animism, Buddhism, Christianity, Hinduism, Hindus, Islam, Sunni Islam;, Austronesian peoples, Bada Kingdom, Besoa Kingdom, Bowontehu Kingdom, Dharmasraya, Kahuripan, Kubu Kingdom, Napu Kingdom, Pagaruyung Kingdom, Pinang Awan Sultanate, Singasari, Sorimangaraja dynasty;, Company rule in the Dutch East IndiesDutch East India Company, Dharmasraya, Dutch East Indies, East Sumatra, Inderapura Kingdom, Koto Alang, Kubu Kingdom, Majapahit, Mataram Kingdom, Poso Regency, Republic of Indonesia, Singhasari, Sultanate of Deli, Sultanate of Ternate, Sumatra's West Coast ResidencySumatra's Westkust, West Kalimantan;;;1960-07-01T00:00:00Z;;;;;http://www.wikidata.org/entity/Q108801084;llm_imputed;0.9;False;Wikipedia Scrape;Elizabeth Carter
Kesultanan Aceh;Sri Alam dari Aceh;;Alauddin al-Qahhar dari Aceh;;;;;Banda Aceh, Indrapuri, Aceh Besar;Sunni Islam;Lambri, Pasai, Pidie;Dutch East Indies;1496;;;1579-01-01T00:00:00Z;;;;http://www.wikidata.org/entity/Q17318556;wikidata;1.0;False;;Sri Alam dari Aceh
Kesultanan Aceh;Ali Mughayat Syah dari Aceh;;;;;Salahuddin dari Aceh;;Banda Aceh, Indrapuri, Aceh Besar;Sunni Islam;Lambri, Pasai, Pidie;Dutch East Indies;1496;;;1530-01-01T00:00:00Z;;;;http://www.wikidata.org/entity/Q868350;wikidata;1.0;False;;Ali Mughayat Syah dari Aceh
Kesultanan Aceh;Iskandar Muda dari Aceh;;;;;Safiatuddin dari Aceh;;Banda Aceh, Indrapuri, Aceh Besar;Sunni Islam;Lambri, Pasai, Pidie;Dutch East Indies;1496;;1583-01-01T00:00:00Z;1636-12-27T00:00:00Z;;;;http://www.wikidata.org/entity/Q375774;wikidata;1.0;False;;Muda dari Aceh
Kesultanan Banten;Abu al-Mahasin;;Abu an-Nasr;;;Syifa Zainularifin;;Old Banten;;Cirebon Sultanate, Demak Sultanate, Sunda Kingdom;Bantam Presidency, Bantam Residency, Batavia, Dutch East IndiesBatavia;1526;;http://www.wikidata.org/.well-known/genid/776342bfdce90153563b8e112b3290de;1733-01-01T00:00:00Z;Abu al-Fadhl;;;http://www.wikidata.org/entity/Q57819481;wikidata;1.0;False;;Abu al-Mahasin
Kesultanan Banten;Abu al-Mahasin;;Abu an-Nasr;;;Wasi Zainulalimin;;Old Banten;;Cirebon Sultanate, Demak Sultanate, Sunda Kingdom;Bantam Presidency, Bantam Residency, Batavia, Dutch East IndiesBatavia;1526;;http://www.wikidata.org/.well-known/genid/776342bfdce90153563b8e112b3290de;1733-01-01T00:00:00Z;Abu al-Fadhl;;;http://www.wikidata.org/entity/Q57819481;wikidata;1.0;False;;Abu al-Mahasin
Kesultanan Aceh;Ali Mughayat Syah dari Aceh;;;;;Alauddin al-Qahhar dari Aceh;;Banda Aceh, Indrapuri, Aceh Besar;Sunni Islam;Lambri, Pasai, Pidie;Dutch East Indies;1496;;;1530-01-01T00:00:00Z;;;;http://www.wikidata.org/entity/Q868350;wikidata;1.0;False;;Ali Mughayat Syah dari Aceh
Kesultanan Lingga;Sulaiman II Badrul Alam Syah;;Abdul Rahman Muazzam Syah dari Lingga;;;;;;;;;;;http://www.wikidata.org/.well-known/genid/68d127c6441c7f5e61579ff1c1cb8030;1883-09-17T00:00:00Z;;;Wangsa Bendahara;http://www.wikidata.org/entity/Q12709895;wikidata;1.0;False;;Sulaiman II Badrul Alam Syah
Kesultanan Aceh;Sultan Alauddin Riayat Syah;;;;;Sultan Ali Riayat Syah;;Banda Aceh, Indrapuri, Aceh Besar;Sunni Islam;Lambri, Pasai, Pidie;Dutch East Indies;1496;;;1605-01-01T00:00:00Z;;;;http://www.wikidata.org/entity/Q18204970;wikidata;1.0;False;;Sultan Alauddin Riayat Syah
Kesultanan Aceh;Badrul Alam dari Aceh;;;;;Jamalul Alam dari Aceh;;Banda Aceh, Indrapuri, Aceh Besar;Sunni Islam;Lambri, Pasai, Pidie;Dutch East Indies;1496;;;1702-01-01T00:00:00Z;;;;http://www.wikidata.org/entity/Q18205088;wikidata;1.0;False;;Badrul Alam dari Aceh
Kesultanan Aceh;Jamalul Alam dari Aceh;;Badrul Alam dari Aceh;;;;;Banda Aceh, Indrapuri, Aceh Besar;Sunni Islam;Lambri, Pasai, Pidie;Dutch East Indies;1496;;;1736-01-01T00:00:00Z;;;;http://www.wikidata.org/entity/Q18206715;wikidata;1.0;False;;Jamalul Alam dari Aceh
Kesultanan Aceh;Sultan Alauddin Ahmad Syah;;;;;Sultan Alauddin Johan Syah;;Banda Aceh, Indrapuri, Aceh Besar;Sunni Islam;Lambri, Pasai, Pidie;Dutch East Indies;1496;;;1735-01-01T00:00:00Z;;;;http://www.wikidata.org/entity/Q18204952;wikidata;1.0;False;;Sultan Alauddin Ahmad Syah
Kesultanan Aceh;Sultan Alauddin Mahmud Syah I;;Sultan Alauddin Johan Syah;;;;;Banda Aceh, Indrapuri, Aceh Besar;Sunni Islam;Lambri, Pasai, Pidie;Dutch East Indies;1496;;;1781-01-01T00:00:00Z;;;;http://www.wikidata.org/entity/Q18204965;wikidata;1.0;False;;Sultan Alauddin Mahmud Syah I
Kesultanan Banten;Maulana Yusuf;;Maulana Hasanuddin;;;Maulana Muhammad;;;;;;;;;;;;;http://www.wikidata.org/entity/Q109697553;wikidata;1.0;False;;Maulana Yusuf
Kesultanan Tidore;Saifuddin of Tidore;;Gorontalo of Tidore;;;;;Tidore;Sunni Islam;;Dutch East Indies;1081;;;1689-10-02T00:00:00Z;Gorian;;;http://www.wikidata.org/entity/Q90013551;llm_imputed;0.8;False;Wikipedia Scrape;Saifuddin of Tidore
Kesultanan Tidore;Ngarolamo;;Mole Majimu;;;daughter (unnamed);;Tidore;Sunni Islam;;Dutch East Indies;1081;;1590-01-01T00:00:00Z;1639-01-01T00:00:00Z;;;;http://www.wikidata.org/entity/Q91720084;llm_imputed;0.9;False;Wikipedia Scrape;Ngarolamo
Kesultanan Banten;Abu an-Nasr;;Tirtayasa dari Banten;;;Abu al-Fadhl;;Old Banten;;Cirebon Sultanate, Demak Sultanate, Sunda Kingdom;Bantam Presidency, Bantam Residency, Batavia, Dutch East IndiesBatavia;1526;;http://www.wikidata.org/.well-known/genid/6c5c08311c650a4ac701bda3e78fda32;1687-01-01T00:00:00Z;;;;http://www.wikidata.org/entity/Q4670294;wikidata;1.0;False;;Abu an-Nasr
Kesultanan Banten;Abu an-Nasr;;Tirtayasa dari Banten;;;Abu al-Mahasin;;Old Banten;;Cirebon Sultanate, Demak Sultanate, Sunda Kingdom;Bantam Presidency, Bantam Residency, Batavia, Dutch East IndiesBatavia;1526;;http://www.wikidata.org/.well-known/genid/6c5c08311c650a4ac701bda3e78fda32;1687-01-01T00:00:00Z;;;;http://www.wikidata.org/entity/Q4670294;wikidata;1.0;False;;Abu an-Nasr
Kesultanan Banten;Tirtayasa dari Banten;;Abu al-Ma'ali;;;Abu an-Nasr;;Old Banten;;Cirebon Sultanate, Demak Sultanate, Sunda Kingdom;Bantam Presidency, Bantam Residency, Batavia, Dutch East IndiesBatavia;1526;;1631-01-01T00:00:00Z;1692-01-01T00:00:00Z;;;;http://www.wikidata.org/entity/Q2914017;wikidata;1.0;False;;Tirtayasa dari Banten
Kerajaan Klungkung;Dewa Agung Istri Kanya;;Ida I Dewa Agung Putra;I Gusti Ayu Karang;;;;;;;;;;;1868-01-01T00:00:00Z;Dewa Agung Putra;;;http://www.wikidata.org/entity/Q29394457;llm_imputed;1.0;False;Wikipedia Scrape;Dewa Agung Istri Kanya
Kerajaan Klungkung;Gusti Ayu Karang;;;;Dewa Agung Putra I Kusamba;Dewa Agung Istri Kanya, Dewa Agung Putra II;;;;;;;;;1814-01-01T00:00:00Z;;;;http://www.wikidata.org/entity/Q29407853;llm_imputed;0.9;False;Wikipedia Scrape;Gusti Ayu Karang
Sriwijaya;Samaratungga;;Samaragrawira;;Dewi Tara;Balaputradewa, Pramodhawardhani;;;;;;;;;0832-01-01T00:00:00Z;Balaputradewa;;;http://www.wikidata.org/entity/Q3176110;llm_imputed;0.7;False;Wikipedia Scrape;Samaratungga
Kadipaten Surabaya;Pangeran Pekik;;Jayalengkara;;;;;Surabaya;Islam;Demak Sultanate;Mataram Sultanate;;;1650-01-01T00:00:00Z;1659-01-01T00:00:00Z;;;;http://www.wikidata.org/entity/Q12502604;wikidata;1.0;False;;Pangeran Pekik
Kesultanan Aceh;Muda dari Aceh;;Husain Ali Riayat Syah dari Aceh;;;;;Banda Aceh, Indrapuri, Aceh Besar;Sunni Islam;Lambri, Pasai, Pidie;Dutch East Indies;1496;;1579-01-01T00:00:00Z;1579-01-01T00:00:00Z;;;;http://www.wikidata.org/entity/Q19661774;wikidata;1.0;False;;Muda dari Aceh
Majapahit;Sunan Bungkul;;;;;Dewi Wardah;Majapahit;Trowulan;;Singhasari;Demak Sultanate;1292;http://www.wikidata.org/entity/Q49326;1400-01-01T00:00:00Z;1481-01-01T00:00:00Z;;;;http://www.wikidata.org/entity/Q56412458;llm_imputed;0.8;False;Wikipedia Scrape;Sunan Bungkul
Majapahit;Sunan Bungkul;;;;;Dewi Wardah;Majapahit;Trowulan;;Singhasari;Pagaruyung Kingdom;1292;http://www.wikidata.org/entity/Q49326;1400-01-01T00:00:00Z;1481-01-01T00:00:00Z;;;;http://www.wikidata.org/entity/Q56412458;llm_imputed;0.8;False;Wikipedia Scrape;Sunan Bungkul
Majapahit;Sunan Bungkul;;;;;Dewi Wardah;Majapahit;Trowulan;;Singhasari;Blambangan Kingdom;1292;http://www.wikidata.org/entity/Q49326;1400-01-01T00:00:00Z;1481-01-01T00:00:00Z;;;;http://www.wikidata.org/entity/Q56412458;llm_imputed;0.8;False;Wikipedia Scrape;Sunan Bungkul
Majapahit;Sunan Bungkul;;;;;Dewi Wardah;Majapahit;Trowulan;;Singhasari;Malacca Sultanate;1292;http://www.wikidata.org/entity/Q49326;1400-01-01T00:00:00Z;1481-01-01T00:00:00Z;;;;http://www.wikidata.org/entity/Q56412458;llm_imputed;0.8;False;Wikipedia Scrape;Sunan Bungkul
Majapahit;Sunan Bungkul;;;;;Dewi Wardah;Majapahit;Trowulan;;Singhasari;Sultanate of Gowa;1292;http://www.wikidata.org/entity/Q49326;1400-01-01T00:00:00Z;1481-01-01T00:00:00Z;;;;http://www.wikidata.org/entity/Q56412458;llm_imputed;0.8;False;Wikipedia Scrape;Sunan Bungkul
Majapahit;Sunan Bungkul;;;;;Dewi Wardah;Majapahit;Trowulan;;Singhasari;Bruneian Sultanate;1292;http://www.wikidata.org/entity/Q49326;1400-01-01T00:00:00Z;1481-01-01T00:00:00Z;;;;http://www.wikidata.org/entity/Q56412458;llm_imputed;0.8;False;Wikipedia Scrape;Sunan Bungkul
Kesultanan Aceh;Naqiatuddin dari Aceh;;;;;Zaqiatuddin dari Aceh;;Banda Aceh, Indrapuri, Aceh Besar;Sunni Islam;Lambri, Pasai, Pidie;Dutch East Indies;1496;;1650-01-01T00:00:00Z;1678-01-01T00:00:00Z;;;;http://www.wikidata.org/entity/Q12500116;wikidata;1.0;False;;Naqiatuddin dari Aceh
Majapahit;Taming Sari;;;;;;Majapahit;Trowulan;;Singhasari;Demak Sultanate;1292;http://www.wikidata.org/entity/Q49326;1450-01-01T00:00:00Z;1450-01-01T00:00:00Z;;;;http://www.wikidata.org/entity/Q7362516;llm_imputed;0.0;False;Wikipedia Scrape;Taming Sari
Majapahit;Taming Sari;;;;;;Majapahit;Trowulan;;Singhasari;Pagaruyung Kingdom;1292;http://www.wikidata.org/entity/Q49326;1450-01-01T00:00:00Z;1450-01-01T00:00:00Z;;;;http://www.wikidata.org/entity/Q7362516;llm_imputed;0.0;False;Wikipedia Scrape;Taming Sari
Majapahit;Taming Sari;;;;;;Majapahit;Trowulan;;Singhasari;Blambangan Kingdom;1292;http://www.wikidata.org/entity/Q49326;1450-01-01T00:00:00Z;1450-01-01T00:00:00Z;;;;http://www.wikidata.org/entity/Q7362516;llm_imputed;0.0;False;Wikipedia Scrape;Taming Sari
Majapahit;Taming Sari;;;;;;Majapahit;Trowulan;;Singhasari;Malacca Sultanate;1292;http://www.wikidata.org/entity/Q49326;1450-01-01T00:00:00Z;1450-01-01T00:00:00Z;;;;http://www.wikidata.org/entity/Q7362516;llm_imputed;0.0;False;Wikipedia Scrape;Taming Sari
Majapahit;Taming Sari;;;;;;Majapahit;Trowulan;;Singhasari;Sultanate of Gowa;1292;http://www.wikidata.org/entity/Q49326;1450-01-01T00:00:00Z;1450-01-01T00:00:00Z;;;;http://www.wikidata.org/entity/Q7362516;llm_imputed;0.0;False;Wikipedia Scrape;Taming Sari
Majapahit;Taming Sari;;;;;;Majapahit;Trowulan;;Singhasari;Bruneian Sultanate;1292;http://www.wikidata.org/entity/Q49326;1450-01-01T00:00:00Z;1450-01-01T00:00:00Z;;;;http://www.wikidata.org/entity/Q7362516;llm_imputed;0.0;False;Wikipedia Scrape;Taming Sari
Kesultanan Aceh;Zaqiatuddin dari Aceh;;;Naqiatuddin dari Aceh;;Zaqiatuddin dari Aceh;;Banda Aceh, Indrapuri, Aceh Besar;Sunni Islam;Lambri, Pasai, Pidie;Dutch East Indies;1496;;1650-01-01T00:00:00Z;1678-01-01T00:00:00Z;;;;http://www.wikidata.org/entity/Q12500116;wikidata;1.0;False;;Zaqiatuddin dari Aceh
Kesultanan Palembang;Syarif Ali bin Syekhabubakar;;;;;;;;;;;;;1790-01-01T00:00:00Z;1877-01-01T00:00:00Z;;;;http://www.wikidata.org/entity/Q55758912;wikidata;1.0;False;;Syarif Ali bin Syekhabubakar
Kesultanan Aceh;Salahuddin dari Aceh;;Ali Mughayat Syah dari Aceh;;;;;Banda Aceh, Indrapuri, Aceh Besar;Sunni Islam;Lambri, Pasai, Pidie;Dutch East Indies;1496;;;1548-11-25T00:00:00Z;;;;http://www.wikidata.org/entity/Q4264920;wikidata;1.0;False;;Salahuddin dari Aceh
Kesultanan Aceh;Zainal Abidin dari Aceh;;;;;;;Banda Aceh, Indrapuri, Aceh Besar;Sunni Islam;Lambri, Pasai, Pidie;Dutch East Indies;1496;;;1579-10-15T00:00:00Z;;;;http://www.wikidata.org/entity/Q12525393;llm_imputed;0.5;False;Wikipedia Scrape;Zainal Abidin dari Aceh
Kesultanan Aceh;Zainatuddin dari Aceh;;Raja Umar bin Sutan Muda Muhammad Muhidudin;;;;;Banda Aceh, Indrapuri, Aceh Besar;Sunni Islam;Lambri, Pasai, Pidie;Dutch East Indies;1496;;1641-01-01T00:00:00Z;1700-01-01T00:00:00Z;Sultanah Zaqiatuddin Inayat Syah;;;http://www.wikidata.org/entity/Q12525394;llm_imputed;0.7;False;Wikipedia Scrape;Zainatuddin dari Aceh
Majapahit;Wikramawardhana;;;Dyah Nertaja;Kusumawardhani;Kertawijaya;Majapahit;Trowulan;;Singhasari;Demak Sultanate;;http://www.wikidata.org/entity/Q49326;1365-01-01T00:00:00Z;1429-01-01T00:00:00Z;;Hayam Wuruk;Wangsa Rajasa;http://www.wikidata.org/entity/Q12452603;wikidata;1.0;False;;Wikramawardhana
Majapahit;Wikramawardhana;;;Dyah Nertaja;Kusumawardhani;Kertawijaya;Majapahit;Trowulan;;Singhasari;Pagaruyung Kingdom;;http://www.wikidata.org/entity/Q49326;1365-01-01T00:00:00Z;1429-01-01T00:00:00Z;;Hayam Wuruk;Wangsa Rajasa;http://www.wikidata.org/entity/Q12452603;wikidata;1.0;False;;Wikramawardhana
Majapahit;Wikramawardhana;;;Dyah Nertaja;Kusumawardhani;Kertawijaya;Majapahit;Trowulan;;Singhasari;Blambangan Kingdom;;http://www.wikidata.org/entity/Q49326;1365-01-01T00:00:00Z;1429-01-01T00:00:00Z;;Hayam Wuruk;Wangsa Rajasa;http://www.wikidata.org/entity/Q12452603;wikidata;1.0;False;;Wikramawardhana
Majapahit;Wikramawardhana;;;Dyah Nertaja;Kusumawardhani;Kertawijaya;Majapahit;Trowulan;;Singhasari;Malacca Sultanate;;http://www.wikidata.org/entity/Q49326;1365-01-01T00:00:00Z;1429-01-01T00:00:00Z;;Hayam Wuruk;Wangsa Rajasa;http://www.wikidata.org/entity/Q12452603;wikidata;1.0;False;;Wikramawardhana
Majapahit;Wikramawardhana;;;Dyah Nertaja;Kusumawardhani;Kertawijaya;Majapahit;Trowulan;;Singhasari;Sultanate of Gowa;;http://www.wikidata.org/entity/Q49326;1365-01-01T00:00:00Z;1429-01-01T00:00:00Z;;Hayam Wuruk;Wangsa Rajasa;http://www.wikidata.org/entity/Q12452603;wikidata;1.0;False;;Wikramawardhana
Majapahit;Wikramawardhana;;;Dyah Nertaja;Kusumawardhani;Kertawijaya;Majapahit;Trowulan;;Singhasari;Bruneian Sultanate;;http://www.wikidata.org/entity/Q49326;1365-01-01T00:00:00Z;1429-01-01T00:00:00Z;;Hayam Wuruk;Wangsa Rajasa;http://www.wikidata.org/entity/Q12452603;wikidata;1.0;False;;Wikramawardhana
Kesultanan Banten;Maulana Hasanuddin;;Sunan Gunung Jati;;;Maulana Yusuf;;Old Banten;;Cirebon Sultanate, Demak Sultanate, Sunda Kingdom;Bantam Presidency, Bantam Residency, Batavia, Dutch East IndiesBatavia;1526;;1478-01-01T00:00:00Z;1570-01-01T00:00:00Z;;;;http://www.wikidata.org/entity/Q12497581;wikidata;1.0;False;;Maulana Hasanuddin
Kesultanan Aceh;Alauddin bin Ahmad dari Perak;;;;janda sultan sebelumnya;putri Alauddin Mansur Syah;;Banda Aceh, Indrapuri, Aceh Besar;Sunni Islam;Lambri, Pasai, Pidie;Dutch East Indies;1496;;;1585-01-01T00:00:00Z;;;;http://www.wikidata.org/entity/Q17425033;llm_imputed;0.6;False;Wikipedia Scrape;Alauddin bin Ahmad dari Perak
Kesultanan Aceh;Sultan Mahmud Syah;;Sultan Sulaiman Syah;;Pocut Meurah Awan;;;Banda Aceh, Indrapuri, Aceh Besar;Sunni Islam;Lambri, Pasai, Pidie;Dutch East Indies;1496;;;1874-01-28T00:00:00Z;;;;http://www.wikidata.org/entity/Q17510514;llm_imputed;0.9;False;Wikipedia Scrape;Sultan Mahmud Syah
Kesultanan Aceh;Alauddin Muhammad Syah;;Sultan Alauddin Mahmud Syah I;;Merah di Awan;;;Banda Aceh, Indrapuri, Aceh Besar;Sunni Islam;Lambri, Pasai, Pidie;Dutch East Indies;1496;;1760-01-01T00:00:00Z;1795-01-01T00:00:00Z;Tuanku Cut;;;http://www.wikidata.org/entity/Q18204967;llm_imputed;0.8;False;Wikipedia Scrape;Alauddin Muhammad Syah
Kesultanan Aceh;Jauharul Alam dari Aceh;;;;;Wandi Tebing;;Banda Aceh, Indrapuri, Aceh Besar;Sunni Islam;Lambri, Pasai, Pidie;Dutch East Indies;1496;;;1726-01-01T00:00:00Z;;;;http://www.wikidata.org/entity/Q18206739;llm_imputed;0.6;False;Wikipedia Scrape;Jauharul Alam dari Aceh
Kesultanan Aceh;Sultan Alauddin Jauhar al-Alam;;Alauddin Muhammad Syah;Pocut Meurah Awan;;;;Banda Aceh, Indrapuri, Aceh Besar;Sunni Islam;Lambri, Pasai, Pidie;Dutch East Indies;1496;;1786-01-01T00:00:00Z;1823-12-01T00:00:00Z;;;;http://www.wikidata.org/entity/Q18204957;llm_imputed;0.8;False;Wikipedia Scrape;Sultan Alauddin Jauhar al-Alam
Kesultanan Aceh;Sultan Badruddin Johan Syah;;;;;Pocut Meurah Awan;;Banda Aceh, Indrapuri, Aceh Besar;Sunni Islam;Lambri, Pasai, Pidie;Dutch East Indies;1496;;;1765-01-01T00:00:00Z;;;;http://www.wikidata.org/entity/Q18205086;llm_imputed;0.7;False;Wikipedia Scrape;Sultan Badruddin Johan Syah
Kesultanan Aceh;Sultan Sulaiman Ali Iskandar Syah;;Sultan Alauddin Muhammad Syah Da'ud I;;Syaribanun, Tengku Seriati binti Abbas, adik Uleebalang dari VII Mukim;;;Banda Aceh, Indrapuri, Aceh Besar;Sunni Islam;Lambri, Pasai, Pidie;Dutch East Indies;1496;;;1857-01-01T00:00:00Z;;;;http://www.wikidata.org/entity/Q18204972;llm_imputed;0.9;False;Wikipedia Scrape;Sultan Sulaiman Ali Iskandar Syah
Kesultanan Aceh;Ali Ri'ayat Syah II;;Munawwar Syah;;;;;Banda Aceh, Indrapuri, Aceh Besar;Sunni Islam;Lambri, Pasai, Pidie;Dutch East Indies;1496;;;1589-06-28T00:00:00Z;Raja Dewi;;;http://www.wikidata.org/entity/Q18211069;llm_imputed;0.8;False;Wikipedia Scrape;Ali Ri'ayat Syah II
Kesultanan Aceh;Syamsul Alam dari Aceh;;;;;;;Banda Aceh, Indrapuri, Aceh Besar;Sunni Islam;Lambri, Pasai, Pidie;Dutch East Indies;1496;;;1727-01-01T00:00:00Z;;;;http://www.wikidata.org/entity/Q18211090;llm_imputed;0.2;False;Wikipedia Scrape;Syamsul Alam dari Aceh
Kesultanan Banjar;Demang Lehman;;;;;;;Banjarmasin, Martapura, South Kalimantan, Murung Raya Regency;Sunni Islam;Negara Daha;Dutch East Indies;1526;;1832-01-01T00:00:00Z;1864-02-27T00:00:00Z;;;;http://www.wikidata.org/entity/Q12481200;llm_imputed;0.0;False;Wikipedia Scrape;Demang Lehman
Kesultanan Aceh;Iskandar Tsani dari Aceh;;Ahmad Shah II of Pahang;;Safiatuddin dari Aceh;;;Banda Aceh, Indrapuri, Aceh Besar;Sunni Islam;Lambri, Pasai, Pidie;Dutch East Indies;1496;;1610-01-01T00:00:00Z;1641-02-15T00:00:00Z;;;;http://www.wikidata.org/entity/Q4264509;wikidata;1.0;False;;Iskandar Tsani dari Aceh
Kesultanan Banten;Abu al-Fadhl;;Abu an-Nasr;;;;;;;;;;;http://www.wikidata.org/.well-known/genid/f9ae6c7a1c272153117e99a2bf8cadd7;1690-01-01T00:00:00Z;Abu al-Mahasin;;;http://www.wikidata.org/entity/Q57818896;wikidata;1.0;False;;Abu al-Fadhl
Kesultanan Banten;Abu al-Mafakhir;;Maulana Muhammad;;;Abu al-Ma'ali;;Old Banten;;Cirebon Sultanate, Demak Sultanate, Sunda Kingdom;Bantam Presidency, Bantam Residency, Batavia, Dutch East IndiesBatavia;1526;;1596-01-01T00:00:00Z;1651-03-10T00:00:00Z;;;;http://www.wikidata.org/entity/Q7130931;wikidata;1.0;False;;Abu al-Mafakhir
Majapahit;Wikramawardhana;;;Dyah Nertaja;Kusumawardhani;Suhita;Majapahit;Trowulan;;Singhasari;Demak Sultanate;;http://www.wikidata.org/entity/Q49326;1365-01-01T00:00:00Z;1429-01-01T00:00:00Z;;Hayam Wuruk;Wangsa Rajasa;http://www.wikidata.org/entity/Q12452603;wikidata;1.0;False;;Wikramawardhana
Majapahit;Wikramawardhana;;;Dyah Nertaja;Kusumawardhani;Suhita;Majapahit;Trowulan;;Singhasari;Pagaruyung Kingdom;;http://www.wikidata.org/entity/Q49326;1365-01-01T00:00:00Z;1429-01-01T00:00:00Z;;Hayam Wuruk;Wangsa Rajasa;http://www.wikidata.org/entity/Q12452603;wikidata;1.0;False;;Wikramawardhana
Majapahit;Wikramawardhana;;;Dyah Nertaja;Kusumawardhani;Suhita;Majapahit;Trowulan;;Singhasari;Blambangan Kingdom;;http://www.wikidata.org/entity/Q49326;1365-01-01T00:00:00Z;1429-01-01T00:00:00Z;;Hayam Wuruk;Wangsa Rajasa;http://www.wikidata.org/entity/Q12452603;wikidata;1.0;False;;Wikramawardhana
Majapahit;Wikramawardhana;;;Dyah Nertaja;Kusumawardhani;Suhita;Majapahit;Trowulan;;Singhasari;Malacca Sultanate;;http://www.wikidata.org/entity/Q49326;1365-01-01T00:00:00Z;1429-01-01T00:00:00Z;;Hayam Wuruk;Wangsa Rajasa;http://www.wikidata.org/entity/Q12452603;wikidata;1.0;False;;Wikramawardhana
Majapahit;Wikramawardhana;;;Dyah Nertaja;Kusumawardhani;Suhita;Majapahit;Trowulan;;Singhasari;Sultanate of Gowa;;http://www.wikidata.org/entity/Q49326;1365-01-01T00:00:00Z;1429-01-01T00:00:00Z;;Hayam Wuruk;Wangsa Rajasa;http://www.wikidata.org/entity/Q12452603;wikidata;1.0;False;;Wikramawardhana
Majapahit;Wikramawardhana;;;Dyah Nertaja;Kusumawardhani;Suhita;Majapahit;Trowulan;;Singhasari;Bruneian Sultanate;;http://www.wikidata.org/entity/Q49326;1365-01-01T00:00:00Z;1429-01-01T00:00:00Z;;Hayam Wuruk;Wangsa Rajasa;http://www.wikidata.org/entity/Q12452603;wikidata;1.0;False;;Wikramawardhana
Kesultanan Aceh;Syamsuddin As-Sumatrani;;Abdullah;;;;;Banda Aceh, Indrapuri, Aceh Besar;Sunni Islam;Lambri, Pasai, Pidie;Dutch East Indies;1496;;1570-01-01T00:00:00Z;1630-02-01T00:00:00Z;;;;http://www.wikidata.org/entity/Q61118438;llm_imputed;0.7;False;Wikipedia Scrape;Syamsuddin As-Sumatrani
Kerajaan Sunda;Sri Baduga Maharaja;;;;;Rara Santang;;;;;;;;;;;;;http://www.wikidata.org/entity/Q4201860;wikidata;1.0;False;;Sri Baduga Maharaja
Majapahit;Bondan Kajawan;;Kertabhumi;;;Ki Getas Pendawa;Majapahit;Trowulan;;Singhasari;Demak Sultanate;1292;http://www.wikidata.org/entity/Q49326;;;;;;http://www.wikidata.org/entity/Q17999748;wikidata;1.0;False;;Bondan Kajawan
Majapahit;Bondan Kajawan;;Kertabhumi;;;Ki Getas Pendawa;Majapahit;Trowulan;;Singhasari;Pagaruyung Kingdom;1292;http://www.wikidata.org/entity/Q49326;;;;;;http://www.wikidata.org/entity/Q17999748;wikidata;1.0;False;;Bondan Kajawan
Majapahit;Bondan Kajawan;;Kertabhumi;;;Ki Getas Pendawa;Majapahit;Trowulan;;Singhasari;Blambangan Kingdom;1292;http://www.wikidata.org/entity/Q49326;;;;;;http://www.wikidata.org/entity/Q17999748;wikidata;1.0;False;;Bondan Kajawan
Majapahit;Bondan Kajawan;;Kertabhumi;;;Ki Getas Pendawa;Majapahit;Trowulan;;Singhasari;Malacca Sultanate;1292;http://www.wikidata.org/entity/Q49326;;;;;;http://www.wikidata.org/entity/Q17999748;wikidata;1.0;False;;Bondan Kajawan
Majapahit;Bondan Kajawan;;Kertabhumi;;;Ki Getas Pendawa;Majapahit;Trowulan;;Singhasari;Sultanate of Gowa;1292;http://www.wikidata.org/entity/Q49326;;;;;;http://www.wikidata.org/entity/Q17999748;wikidata;1.0;False;;Bondan Kajawan
Majapahit;Bondan Kajawan;;Kertabhumi;;;Ki Getas Pendawa;Majapahit;Trowulan;;Singhasari;Bruneian Sultanate;1292;http://www.wikidata.org/entity/Q49326;;;;;;http://www.wikidata.org/entity/Q17999748;wikidata;1.0;False;;Bondan Kajawan
Majapahit;Bondan Kajawan;;Kertabhumi;;;Nyai Ageng Ngerang;Majapahit;Trowulan;;Singhasari;Demak Sultanate;1292;http://www.wikidata.org/entity/Q49326;;;;;;http://www.wikidata.org/entity/Q17999748;wikidata;1.0;False;;Bondan Kajawan
Majapahit;Bondan Kajawan;;Kertabhumi;;;Nyai Ageng Ngerang;Majapahit;Trowulan;;Singhasari;Pagaruyung Kingdom;1292;http://www.wikidata.org/entity/Q49326;;;;;;http://www.wikidata.org/entity/Q17999748;wikidata;1.0;False;;Bondan Kajawan
Majapahit;Bondan Kajawan;;Kertabhumi;;;Nyai Ageng Ngerang;Majapahit;Trowulan;;Singhasari;Blambangan Kingdom;1292;http://www.wikidata.org/entity/Q49326;;;;;;http://www.wikidata.org/entity/Q17999748;wikidata;1.0;False;;Bondan Kajawan
Majapahit;Bondan Kajawan;;Kertabhumi;;;Nyai Ageng Ngerang;Majapahit;Trowulan;;Singhasari;Malacca Sultanate;1292;http://www.wikidata.org/entity/Q49326;;;;;;http://www.wikidata.org/entity/Q17999748;wikidata;1.0;False;;Bondan Kajawan
Majapahit;Bondan Kajawan;;Kertabhumi;;;Nyai Ageng Ngerang;Majapahit;Trowulan;;Singhasari;Sultanate of Gowa;1292;http://www.wikidata.org/entity/Q49326;;;;;;http://www.wikidata.org/entity/Q17999748;wikidata;1.0;False;;Bondan Kajawan
Majapahit;Bondan Kajawan;;Kertabhumi;;;Nyai Ageng Ngerang;Majapahit;Trowulan;;Singhasari;Bruneian Sultanate;1292;http://www.wikidata.org/entity/Q49326;;;;;;http://www.wikidata.org/entity/Q17999748;wikidata;1.0;False;;Bondan Kajawan
Kerajaan Mataram;Sri Isyana Tunggawijaya;;Mpu Sindok;;Lokapala;Makutawangsawardhana;;;;;;;;;;;;;http://www.wikidata.org/entity/Q12454585;wikidata;1.0;False;;Sri Isyana Tunggawijaya
Kesultanan Siak Sri Inderapura;Sayyid Ismail dari Siak;;;;;;;;;;;;;;;Sultan Syarif Kasim I;;;http://www.wikidata.org/entity/Q19732020;llm_imputed;0.7;False;Wikipedia Scrape;Sayyid Ismail dari Siak
Majapahit;Bondan Kajawan;;Kertabhumi;;;Ki Ageng Wanasaba;Majapahit;Trowulan;;Singhasari;Demak Sultanate;1292;http://www.wikidata.org/entity/Q49326;;;;;;http://www.wikidata.org/entity/Q17999748;wikidata;1.0;False;;Bondan Kajawan
Majapahit;Bondan Kajawan;;Kertabhumi;;;Ki Ageng Wanasaba;Majapahit;Trowulan;;Singhasari;Pagaruyung Kingdom;1292;http://www.wikidata.org/entity/Q49326;;;;;;http://www.wikidata.org/entity/Q17999748;wikidata;1.0;False;;Bondan Kajawan
Majapahit;Bondan Kajawan;;Kertabhumi;;;Ki Ageng Wanasaba;Majapahit;Trowulan;;Singhasari;Blambangan Kingdom;1292;http://www.wikidata.org/entity/Q49326;;;;;;http://www.wikidata.org/entity/Q17999748;wikidata;1.0;False;;Bondan Kajawan
Majapahit;Bondan Kajawan;;Kertabhumi;;;Ki Ageng Wanasaba;Majapahit;Trowulan;;Singhasari;Malacca Sultanate;1292;http://www.wikidata.org/entity/Q49326;;;;;;http://www.wikidata.org/entity/Q17999748;wikidata;1.0;False;;Bondan Kajawan
Majapahit;Bondan Kajawan;;Kertabhumi;;;Ki Ageng Wanasaba;Majapahit;Trowulan;;Singhasari;Sultanate of Gowa;1292;http://www.wikidata.org/entity/Q49326;;;;;;http://www.wikidata.org/entity/Q17999748;wikidata;1.0;False;;Bondan Kajawan
Majapahit;Bondan Kajawan;;Kertabhumi;;;Ki Ageng Wanasaba;Majapahit;Trowulan;;Singhasari;Bruneian Sultanate;1292;http://www.wikidata.org/entity/Q49326;;;;;;http://www.wikidata.org/entity/Q17999748;wikidata;1.0;False;;Bondan Kajawan
Kesultanan Aceh;Teuku Nanta Seutia;;Datuk Makhudum Sati;;;Teuku Rayut;;Banda Aceh, Indrapuri, Aceh Besar;Sunni Islam;Lambri, Pasai, Pidie;Dutch East Indies;1496;;;;;;;http://www.wikidata.org/entity/Q19744098;wikidata;1.0;False;;Teuku Nanta Seutia
Kesultanan Siak Sri Inderapura;Yahya dari Siak;;Sultan Ismail;;;;;;;;;;;;;;;;http://www.wikidata.org/entity/Q7443095;llm_imputed;0.8;False;Wikipedia Scrape;Yahya dari Siak
Kerajaan Bali;Mpu Kuturan;;;;;;;;;;;;;;;Mpu Baradah;;;http://www.wikidata.org/entity/Q107676358;llm_imputed;0.7;False;Wikipedia Scrape;Mpu Kuturan
Majapahit;Mpu Kuturan;;;;;;Majapahit;Trowulan;;Singhasari;Demak Sultanate;;http://www.wikidata.org/entity/Q49326;;;Mpu Baradah;;;http://www.wikidata.org/entity/Q107676358;llm_imputed;0.7;False;Wikipedia Scrape;Mpu Kuturan
Majapahit;Mpu Kuturan;;;;;;Majapahit;Trowulan;;Singhasari;Pagaruyung Kingdom;;http://www.wikidata.org/entity/Q49326;;;Mpu Baradah;;;http://www.wikidata.org/entity/Q107676358;llm_imputed;0.7;False;Wikipedia Scrape;Mpu Kuturan
Majapahit;Mpu Kuturan;;;;;;Majapahit;Trowulan;;Singhasari;Blambangan Kingdom;;http://www.wikidata.org/entity/Q49326;;;Mpu Baradah;;;http://www.wikidata.org/entity/Q107676358;llm_imputed;0.7;False;Wikipedia Scrape;Mpu Kuturan
Majapahit;Mpu Kuturan;;;;;;Majapahit;Trowulan;;Singhasari;Malacca Sultanate;;http://www.wikidata.org/entity/Q49326;;;Mpu Baradah;;;http://www.wikidata.org/entity/Q107676358;llm_imputed;0.7;False;Wikipedia Scrape;Mpu Kuturan
Majapahit;Mpu Kuturan;;;;;;Majapahit;Trowulan;;Singhasari;Sultanate of Gowa;;http://www.wikidata.org/entity/Q49326;;;Mpu Baradah;;;http://www.wikidata.org/entity/Q107676358;llm_imputed;0.7;False;Wikipedia Scrape;Mpu Kuturan
Majapahit;Mpu Kuturan;;;;;;Majapahit;Trowulan;;Singhasari;Bruneian Sultanate;;http://www.wikidata.org/entity/Q49326;;;Mpu Baradah;;;http://www.wikidata.org/entity/Q107676358;llm_imputed;0.7;False;Wikipedia Scrape;Mpu Kuturan
Kesultanan Aceh;Sultan Perkasa Alam Syarif Lamtui;;;;;Jamalul Alam dari Aceh;;Banda Aceh, Indrapuri, Aceh Besar;Sunni Islam;Lambri, Pasai, Pidie;Dutch East Indies;1496;;;;;;;http://www.wikidata.org/entity/Q18210821;wikidata;1.0;False;;Sultan Perkasa Alam Syarif Lamtui
Majapahit;Patih Udara;;Patih Wahan;;Putri dari Pate Pimtor (Menak Pentor);Pate Sepetat (Menak Sapetak), Putri yang menikah dengan Batara Vojyaya;Majapahit;Trowulan;;Singhasari;Demak Sultanate;1292;http://www.wikidata.org/entity/Q49326;;;;;;http://www.wikidata.org/entity/Q12503736;llm_imputed;0.8;False;Wikipedia Scrape;Patih Udara
Majapahit;Patih Udara;;Patih Wahan;;Putri dari Pate Pimtor (Menak Pentor);Pate Sepetat (Menak Sapetak), Putri yang menikah dengan Batara Vojyaya;Majapahit;Trowulan;;Singhasari;Pagaruyung Kingdom;1292;http://www.wikidata.org/entity/Q49326;;;;;;http://www.wikidata.org/entity/Q12503736;llm_imputed;0.8;False;Wikipedia Scrape;Patih Udara
Majapahit;Patih Udara;;Patih Wahan;;Putri dari Pate Pimtor (Menak Pentor);Pate Sepetat (Menak Sapetak), Putri yang menikah dengan Batara Vojyaya;Majapahit;Trowulan;;Singhasari;Blambangan Kingdom;1292;http://www.wikidata.org/entity/Q49326;;;;;;http://www.wikidata.org/entity/Q12503736;llm_imputed;0.8;False;Wikipedia Scrape;Patih Udara
Majapahit;Patih Udara;;Patih Wahan;;Putri dari Pate Pimtor (Menak Pentor);Pate Sepetat (Menak Sapetak), Putri yang menikah dengan Batara Vojyaya;Majapahit;Trowulan;;Singhasari;Malacca Sultanate;1292;http://www.wikidata.org/entity/Q49326;;;;;;http://www.wikidata.org/entity/Q12503736;llm_imputed;0.8;False;Wikipedia Scrape;Patih Udara
Majapahit;Patih Udara;;Patih Wahan;;Putri dari Pate Pimtor (Menak Pentor);Pate Sepetat (Menak Sapetak), Putri yang menikah dengan Batara Vojyaya;Majapahit;Trowulan;;Singhasari;Sultanate of Gowa;1292;http://www.wikidata.org/entity/Q49326;;;;;;http://www.wikidata.org/entity/Q12503736;llm_imputed;0.8;False;Wikipedia Scrape;Patih Udara
Majapahit;Patih Udara;;Patih Wahan;;Putri dari Pate Pimtor (Menak Pentor);Pate Sepetat (Menak Sapetak), Putri yang menikah dengan Batara Vojyaya;Majapahit;Trowulan;;Singhasari;Bruneian Sultanate;1292;http://www.wikidata.org/entity/Q49326;;;;;;http://www.wikidata.org/entity/Q12503736;llm_imputed;0.8;False;Wikipedia Scrape;Patih Udara
Kesultanan Aceh;Teuku Nanta Seutia;;Datuk Makhudum Sati;;;Cut Nya’ Dhien;;Banda Aceh, Indrapuri, Aceh Besar;Sunni Islam;Lambri, Pasai, Pidie;Dutch East Indies;1496;;;;;;;http://www.wikidata.org/entity/Q19744098;wikidata;1.0;False;;Teuku Nanta Seutia
Kesultanan Banten;Abul Nashar Muhammad Ishaq Zainulmutaqin;;;;;;;Old Banten;;Cirebon Sultanate, Demak Sultanate, Sunda Kingdom;Bantam Presidency, Bantam Residency, Batavia, Dutch East IndiesBatavia;1526;;;;;;;http://www.wikidata.org/entity/Q12470635;llm_imputed;0.0;False;Wikipedia Scrape;Abul Nashar Muhammad Ishaq Zainulmutaqin
Kesultanan Banten;Muhammad bin Muhammad Muhyiddin Zainussalihin;;Sultan Muhammad Muhyiddin Zainussalihin;Ratu Aisiyah;Ratu Putri Fatimah binti Pangeran Ahmad bin Sultan Aliyuddin I;;;Old Banten;;Cirebon Sultanate, Demak Sultanate, Sunda Kingdom;Bantam Presidency, Bantam Residency, Batavia, Dutch East IndiesBatavia;1526;;;;;;;http://www.wikidata.org/entity/Q12499401;llm_imputed;0.8;False;Wikipedia Scrape;Muhammad bin Muhammad Muhyiddin Zainussalihin
Kesultanan Banten;Abul Mafakhir Muhammad Aliuddin;;Sultan Muhammad Arifin Zainul Asyiqin;Ratu Sultan Gusti;;Abu al-Nashar Muhammad Ishaq Zainulmutaqin, Abu al-Mafakhir Muhammad Aqiluddin, Pangeran Darma, Pangeran Muhammad Abbas, Pangeran Musa, Pangeran Yali, Pangeran Ahmad;;Old Banten;;Cirebon Sultanate, Demak Sultanate, Sunda Kingdom;Bantam Presidency, Bantam Residency, Batavia, Dutch East IndiesBatavia;1526;;1752-07-02T00:00:00Z;;;;;http://www.wikidata.org/entity/Q16162786;llm_imputed;0.9;False;Wikipedia Scrape;Abul Mafakhir Muhammad Aliuddin
Kerajaan Mataram;Makutawangsawardhana;;Sri Isyana Tunggawijaya;Sri Isyana Tunggawijaya;;;;;;;;;;;;;;;http://www.wikidata.org/entity/Q12496257;wikidata;1.0;False;;Makutawangsawardhana
Kerajaan Sunda;Sri Baduga Maharaja;;;;;Pangeran Walangsungsang;;;;;;;;;;;;;http://www.wikidata.org/entity/Q4201860;wikidata;1.0;False;;Sri Baduga Maharaja
Kerajaan Mataram;Lokapala;;;;Sri Isyana Tunggawijaya;;;;;;;;;;;;;;http://www.wikidata.org/entity/Q28152207;wikidata;1.0;False;;Lokapala
Kesultanan Aceh;Pocut Baren;;Teuku Cut Anmat Tungkop;;Keujruen;;;Banda Aceh, Indrapuri, Aceh Besar;Sunni Islam;Lambri, Pasai, Pidie;Dutch East Indies;1496;;1880-01-01T00:00:00Z;;;;;http://www.wikidata.org/entity/Q12505900;llm_imputed;0.8;False;Wikipedia Scrape;Pocut Baren
Kesultanan Aceh;Syarif Saif al-Alam;;Tuanku Sayyid Husein;;;;;Banda Aceh, Indrapuri, Aceh Besar;Sunni Islam;Lambri, Pasai, Pidie;Dutch East Indies;1496;;;;;;;http://www.wikidata.org/entity/Q17379942;llm_imputed;0.9;False;Wikipedia Scrape;Syarif Saif al-Alam
Kesultanan Aceh;Sultan Muhammad Syah;;Alauddin Jauhar ul-Alam Syah;Isteri kedua Alauddin Jauhar al-Alam;;;;Banda Aceh, Indrapuri, Aceh Besar;Sunni Islam;Lambri, Pasai, Pidie;Dutch East Indies;1496;;1802-01-01T00:00:00Z;;Abdul Muhammad, Tuanku Ibrahim;;;http://www.wikidata.org/entity/Q17423403;llm_imputed;0.8;False;Wikipedia Scrape;Sultan Muhammad Syah
Kesultanan Aceh;Sultan Mansur Syah;;Sultan Alauddin Jauhar al-Alam;;;;;Banda Aceh, Indrapuri, Aceh Besar;Sunni Islam;Lambri, Pasai, Pidie;Dutch East Indies;1496;;;;Alauddin Muhammad Daud Syah I;;;http://www.wikidata.org/entity/Q18204955;llm_imputed;0.8;False;Wikipedia Scrape;Sultan Mansur Syah
Kesultanan Aceh;Sultan Sulaiman Syah;;Badruddin Johan Syah;;;;;Banda Aceh, Indrapuri, Aceh Besar;Sunni Islam;Lambri, Pasai, Pidie;Dutch East Indies;1496;;;;;;;http://www.wikidata.org/entity/Q18211066;llm_imputed;0.5;False;Wikipedia Scrape;Sultan Sulaiman Syah
Kesultanan Banjar;Khatib Dayan;;;;Saudara perempuan Sultan Suriansyah, Putri Sunan Gunung Jati;;;Banjarmasin, Martapura, South Kalimantan, Murung Raya Regency;Sunni Islam;Negara Daha;Dutch East Indies;1526;;;;;;;http://www.wikidata.org/entity/Q19746042;llm_imputed;0.7;False;Wikipedia Scrape;Khatib Dayan
Kesultanan Banten;Wasi Zainulalimin;;Abu al-Mahasin;;;;;Old Banten;;Cirebon Sultanate, Demak Sultanate, Sunda Kingdom;Bantam Presidency, Bantam Residency, Batavia, Dutch East IndiesBatavia;1526;;;;Syifa Zainularifin;;;http://www.wikidata.org/entity/Q57820832;wikidata;1.0;False;;Wasi Zainulalimin
Kesultanan Banjar;Patih Masih;;;;;;;Banjarmasin, Martapura, South Kalimantan, Murung Raya Regency;Sunni Islam;Negara Daha;Dutch East Indies;1526;;;;;;;http://www.wikidata.org/entity/Q25702210;wikidata;1.0;False;;Patih Masih
kerajaanLabel;orangLabel;ayahLabel;ibuLabel;pasanganLabel;;;;;;;;;;;;;;;;original;1.0;False;;orangLabel
Kesultanan Aceh;Safiatuddin dari Aceh;Iskandar Muda dari Aceh;Iskandar Muda dari Aceh;Iskandar Tsani dari Aceh;Iskandar Tsani dari Aceh;;;Banda Aceh, Indrapuri, Aceh Besar;Sunni Islam;Lambri, Pasai, Pidie;Dutch East Indies;1496;;1612-01-01T00:00:00Z;1675-01-01T00:00:00Z;;;;http://www.wikidata.org/entity/Q7676752;wikidata;1.0;False;;Safiatuddin dari Aceh
Kesultanan Aceh;Alauddin al-Qahhar dari Aceh;Ali Mughayat Syah dari Aceh;Ali Mughayat Syah dari Aceh;;;Husain Ali Riayat Syah dari Aceh, Sri Alam dari Aceh;;Banda Aceh, Indrapuri, Aceh Besar;Sunni Islam;Lambri, Pasai, Pidie;Dutch East Indies;1496;;;1571-09-28T00:00:00Z;;;;http://www.wikidata.org/entity/Q4708856;wikidata;1.0;False;;Alauddin al-Qahhar dari Aceh
Kesultanan Banten;Abu an-Nasr;Tirtayasa dari Banten;Tirtayasa dari Banten;;;Abu al-Fadhl, Abu al-Mahasin;;Old Banten;;Cirebon Sultanate, Demak Sultanate, Sunda Kingdom;Bantam Presidency, Bantam Residency, Batavia, Dutch East IndiesBatavia;1526;;http://www.wikidata.org/.well-known/genid/6c5c08311c650a4ac701bda3e78fda32;1687-01-01T00:00:00Z;;;;http://www.wikidata.org/entity/Q4670294;wikidata;1.0;False;;Abu an-Nasr
Kesultanan Aceh;Cut Nya’ Dhien;Teuku Nanta Seutia;;Teuku Ibrahim Lam Nga;;;;;;;;;;;;;;;;original;1.0;False;;Cut Nya’ Dhien
Kesultanan Banjar;Hidayatullah I dari Banjar;;;;;Mustain Billah dari Banjar;;Banjarmasin, Martapura, South Kalimantan, Murung Raya Regency;Sunni Islam;Negara Daha;Dutch East Indies;1526;;;1595-01-01T00:00:00Z;;;;http://www.wikidata.org/entity/Q4272717;wikidata;1.0;False;;Rahmatullah dari Banjar
Kesultanan Aceh;Ali Mughayat Syah dari Aceh;;;;;Alauddin al-Qahhar dari Aceh, Salahuddin dari Aceh;;Banda Aceh, Indrapuri, Aceh Besar;Sunni Islam;Lambri, Pasai, Pidie;Dutch East Indies;1496;;;1530-01-01T00:00:00Z;;;;http://www.wikidata.org/entity/Q868350;wikidata;1.0;False;;Ali Mughayat Syah dari Aceh
Kesultanan Banjar;Rahmatullah dari Banjar;;Suriansyah dari Banjar;;;Pangeran Damang, Raden Zakaria, Sultan Hidayatullah;;Banjarmasin, Martapura, South Kalimantan, Murung Raya Regency;Sunni Islam;Negara Daha;Dutch East Indies;1526;;;1570-01-01T00:00:00Z;Pangeran Anom, Putri Mayang Sari;;;http://www.wikidata.org/entity/Q6684550;llm_imputed;0.9;False;Wikipedia Scrape;Rahmatullah dari Banjar
Majapahit;Kertabhumi;Rajasawardhana;Rajasawardhana;;;Bathara Katong, Bondan Kajawan, Raden Bondan Kedjawen, Raden Patah, Ratu Ratna Pembayun;Majapahit;Trowulan;;Singhasari;Demak Sultanate;1292;http://www.wikidata.org/entity/Q49326;;1478-01-01T00:00:00Z;;;Wangsa Rajasa;http://www.wikidata.org/entity/Q127373583;wikidata;1.0;False;;Kertabhumi
Majapahit;Kertabhumi;Rajasawardhana;Rajasawardhana;;;Bathara Katong, Bondan Kajawan, Raden Bondan Kedjawen, Raden Patah, Ratu Ratna Pembayun;Majapahit;Trowulan;;Singhasari;Pagaruyung Kingdom;1292;http://www.wikidata.org/entity/Q49326;;1478-01-01T00:00:00Z;;;Wangsa Rajasa;http://www.wikidata.org/entity/Q127373583;wikidata;1.0;False;;Kertabhumi
Majapahit;Kertabhumi;Rajasawardhana;Rajasawardhana;;;Bathara Katong, Bondan Kajawan, Raden Bondan Kedjawen, Raden Patah, Ratu Ratna Pembayun;Majapahit;Trowulan;;Singhasari;Blambangan Kingdom;1292;http://www.wikidata.org/entity/Q49326;;1478-01-01T00:00:00Z;;;Wangsa Rajasa;http://www.wikidata.org/entity/Q127373583;wikidata;1.0;False;;Kertabhumi
Majapahit;Kertabhumi;Rajasawardhana;Rajasawardhana;;;Bathara Katong, Bondan Kajawan, Raden Bondan Kedjawen, Raden Patah, Ratu Ratna Pembayun;Majapahit;Trowulan;;Singhasari;Malacca Sultanate;1292;http://www.wikidata.org/entity/Q49326;;1478-01-01T00:00:00Z;;;Wangsa Rajasa;http://www.wikidata.org/entity/Q127373583;wikidata;1.0;False;;Kertabhumi
Majapahit;Kertabhumi;Rajasawardhana;Rajasawardhana;;;Bathara Katong, Bondan Kajawan, Raden Bondan Kedjawen, Raden Patah, Ratu Ratna Pembayun;Majapahit;Trowulan;;Singhasari;Sultanate of Gowa;1292;http://www.wikidata.org/entity/Q49326;;1478-01-01T00:00:00Z;;;Wangsa Rajasa;http://www.wikidata.org/entity/Q127373583;wikidata;1.0;False;;Kertabhumi
Majapahit;Kertabhumi;Rajasawardhana;Rajasawardhana;;;Bathara Katong, Bondan Kajawan, Raden Bondan Kedjawen, Raden Patah, Ratu Ratna Pembayun;Majapahit;Trowulan;;Singhasari;Bruneian Sultanate;1292;http://www.wikidata.org/entity/Q49326;;1478-01-01T00:00:00Z;;;Wangsa Rajasa;http://www.wikidata.org/entity/Q127373583;wikidata;1.0;False;;Kertabhumi
Kesultanan Demak;Sunan Demak;Sunan Ampel;Sunan Ampel;;;;;;Islam;Demak Sultanate;Mataram Sultanate;1568;;1473-01-01T00:00:00Z;1570-01-01T00:00:00Z;;;;http://www.wikidata.org/entity/Q135552791;wikidata;1.0;False;;Sunan Demak
Kerajaan Mataram;Dyah Gula;Rakai Warak;Rakai Warak;;;;;;;;;;;;;;;Wangsa Sailendra;http://www.wikidata.org/entity/Q130548966;wikidata;1.0;False;;Dyah Gula
Kerajaan Mataram;Sri Isyana Tunggawijaya;Mpu Sindok;Mpu Sindok;Lokapala;Lokapala;Makutawangsawardhana;;;;;;;;;;;;;http://www.wikidata.org/entity/Q12454585;wikidata;1.0;False;;Sri Isyana Tunggawijaya
Majapahit;Wikramawardhana;;Dyah Nertaja;Kusumawardhani;Kusumawardhani;Kertawijaya, Suhita;Majapahit;Trowulan;;Singhasari;Demak Sultanate;;http://www.wikidata.org/entity/Q49326;1365-01-01T00:00:00Z;1429-01-01T00:00:00Z;;Hayam Wuruk;Wangsa Rajasa;http://www.wikidata.org/entity/Q12452603;wikidata;1.0;False;;Wikramawardhana
Majapahit;Wikramawardhana;;Dyah Nertaja;Kusumawardhani;Kusumawardhani;Kertawijaya, Suhita;Majapahit;Trowulan;;Singhasari;Pagaruyung Kingdom;;http://www.wikidata.org/entity/Q49326;1365-01-01T00:00:00Z;1429-01-01T00:00:00Z;;Hayam Wuruk;Wangsa Rajasa;http://www.wikidata.org/entity/Q12452603;wikidata;1.0;False;;Wikramawardhana
Majapahit;Wikramawardhana;;Dyah Nertaja;Kusumawardhani;Kusumawardhani;Kertawijaya, Suhita;Majapahit;Trowulan;;Singhasari;Blambangan Kingdom;;http://www.wikidata.org/entity/Q49326;1365-01-01T00:00:00Z;1429-01-01T00:00:00Z;;Hayam Wuruk;Wangsa Rajasa;http://www.wikidata.org/entity/Q12452603;wikidata;1.0;False;;Wikramawardhana
Majapahit;Wikramawardhana;;Dyah Nertaja;Kusumawardhani;Kusumawardhani;Kertawijaya, Suhita;Majapahit;Trowulan;;Singhasari;Malacca Sultanate;;http://www.wikidata.org/entity/Q49326;1365-01-01T00:00:00Z;1429-01-01T00:00:00Z;;Hayam Wuruk;Wangsa Rajasa;http://www.wikidata.org/entity/Q12452603;wikidata;1.0;False;;Wikramawardhana
Majapahit;Wikramawardhana;;Dyah Nertaja;Kusumawardhani;Kusumawardhani;Kertawijaya, Suhita;Majapahit;Trowulan;;Singhasari;Sultanate of Gowa;;http://www.wikidata.org/entity/Q49326;1365-01-01T00:00:00Z;1429-01-01T00:00:00Z;;Hayam Wuruk;Wangsa Rajasa;http://www.wikidata.org/entity/Q12452603;wikidata;1.0;False;;Wikramawardhana
Majapahit;Wikramawardhana;;Dyah Nertaja;Kusumawardhani;Kusumawardhani;Kertawijaya, Suhita;Majapahit;Trowulan;;Singhasari;Bruneian Sultanate;;http://www.wikidata.org/entity/Q49326;1365-01-01T00:00:00Z;1429-01-01T00:00:00Z;;Hayam Wuruk;Wangsa Rajasa;http://www.wikidata.org/entity/Q12452603;wikidata;1.0;False;;Wikramawardhana
Kesultanan Aceh;Sultan Ali Riayat Syah;Sultan Alauddin Riayat Syah;Sultan Alauddin Riayat Syah;;;;;Banda Aceh, Indrapuri, Aceh Besar;Sunni Islam;Lambri, Pasai, Pidie;Dutch East Indies;1496;;;1607-04-04T00:00:00Z;;;;http://www.wikidata.org/entity/Q17424988;wikidata;1.0;False;;Sultan Ali Riayat Syah
Majapahit;Sunan Demak;Sunan Ampel;Sunan Ampel;;;;Majapahit;Trowulan;Islam;Singhasari;Demak Sultanate;1568;http://www.wikidata.org/entity/Q49326;1473-01-01T00:00:00Z;1570-01-01T00:00:00Z;;;;http://www.wikidata.org/entity/Q135552791;wikidata;1.0;False;;Sunan Demak
Majapahit;Sunan Demak;Sunan Ampel;Sunan Ampel;;;;Majapahit;Trowulan;Islam;Singhasari;Pagaruyung Kingdom;1568;http://www.wikidata.org/entity/Q49326;1473-01-01T00:00:00Z;1570-01-01T00:00:00Z;;;;http://www.wikidata.org/entity/Q135552791;wikidata;1.0;False;;Sunan Demak
Majapahit;Sunan Demak;Sunan Ampel;Sunan Ampel;;;;Majapahit;Trowulan;Islam;Singhasari;Blambangan Kingdom;1568;http://www.wikidata.org/entity/Q49326;1473-01-01T00:00:00Z;1570-01-01T00:00:00Z;;;;http://www.wikidata.org/entity/Q135552791;wikidata;1.0;False;;Sunan Demak
Majapahit;Sunan Demak;Sunan Ampel;Sunan Ampel;;;;Majapahit;Trowulan;Islam;Singhasari;Malacca Sultanate;1568;http://www.wikidata.org/entity/Q49326;1473-01-01T00:00:00Z;1570-01-01T00:00:00Z;;;;http://www.wikidata.org/entity/Q135552791;wikidata;1.0;False;;Sunan Demak
Majapahit;Sunan Demak;Sunan Ampel;Sunan Ampel;;;;Majapahit;Trowulan;Islam;Singhasari;Sultanate of Gowa;1568;http://www.wikidata.org/entity/Q49326;1473-01-01T00:00:00Z;1570-01-01T00:00:00Z;;;;http://www.wikidata.org/entity/Q135552791;wikidata;1.0;False;;Sunan Demak
Majapahit;Sunan Demak;Sunan Ampel;Sunan Ampel;;;;Majapahit;Trowulan;Islam;Singhasari;Bruneian Sultanate;1568;http://www.wikidata.org/entity/Q49326;1473-01-01T00:00:00Z;1570-01-01T00:00:00Z;;;;http://www.wikidata.org/entity/Q135552791;wikidata;1.0;False;;Sunan Demak
Kesultanan Demak;Sunan Kudus;Sunan Ngudung;Sunan Ngudung;;;;;;;;;;;;1550-01-01T00:00:00Z;;;;http://www.wikidata.org/entity/Q5261519;wikidata;1.0;False;;Sunan Kudus
Kesultanan Aceh;Sri Alam dari Aceh;Alauddin al-Qahhar dari Aceh;Alauddin al-Qahhar dari Aceh;;;;;Banda Aceh, Indrapuri, Aceh Besar;Sunni Islam;Lambri, Pasai, Pidie;Dutch East Indies;1496;;;1579-01-01T00:00:00Z;;;;http://www.wikidata.org/entity/Q17318556;wikidata;1.0;False;;Sri Alam dari Aceh
Kerajaan Sunda;Pangeran Walangsungsang;Sri Baduga Maharaja;Sri Baduga Maharaja;;;;;;;;;;;1423-01-01T00:00:00Z;1529-01-01T00:00:00Z;;;;http://www.wikidata.org/entity/Q131955027;wikidata;1.0;False;;Pangeran Walangsungsang
Kesultanan Aceh;Jamalul Alam dari Aceh;Badrul Alam dari Aceh;Badrul Alam dari Aceh;;;;;Banda Aceh, Indrapuri, Aceh Besar;Sunni Islam;Lambri, Pasai, Pidie;Dutch East Indies;1496;;;1736-01-01T00:00:00Z;;;;http://www.wikidata.org/entity/Q18206715;wikidata;1.0;False;;Jamalul Alam dari Aceh
Kesultanan Aceh;Sultan Alauddin Johan Syah;Sultan Alauddin Ahmad Syah;Sultan Alauddin Ahmad Syah;;;Sultan Alauddin Mahmud Syah I;;Banda Aceh, Indrapuri, Aceh Besar;Sunni Islam;Lambri, Pasai, Pidie;Dutch East Indies;1496;;;1760-01-01T00:00:00Z;;;;http://www.wikidata.org/entity/Q18204961;wikidata;1.0;False;;Sultan Alauddin Johan Syah
Kesultanan Aceh;Sultan Alauddin Mahmud Syah I;Sultan Alauddin Johan Syah;Sultan Alauddin Johan Syah;;;;;Banda Aceh, Indrapuri, Aceh Besar;Sunni Islam;Lambri, Pasai, Pidie;Dutch East Indies;1496;;;1781-01-01T00:00:00Z;;;;http://www.wikidata.org/entity/Q18204965;wikidata;1.0;False;;Sultan Alauddin Mahmud Syah I
Kerajaan Sunda;Prabu Gilingwesi;Rakeyan Medang;Rakeyan Medang;;;;;;;;;;;;;;;Wangsa Sailendra;http://www.wikidata.org/entity/Q134481514;wikidata;1.0;False;;Prabu Gilingwesi
Kerajaan Sunda;Rakeyan Medang;Hariang Banga;Hariang Banga;;;;;;;;;;;;;;;Wangsa Sailendra;http://www.wikidata.org/entity/Q134481418;wikidata;1.0;False;;Rakeyan Medang
Majapahit;Kusumawardhani;;;Wikramawardhana;Wikramawardhana;;Majapahit;Trowulan;;Singhasari;Demak Sultanate;1292;http://www.wikidata.org/entity/Q49326;;;;;Wangsa Rajasa;http://www.wikidata.org/entity/Q119359616;wikidata;1.0;False;;Kusumawardhani
Majapahit;Kusumawardhani;;;Wikramawardhana;Wikramawardhana;;Majapahit;Trowulan;;Singhasari;Pagaruyung Kingdom;1292;http://www.wikidata.org/entity/Q49326;;;;;Wangsa Rajasa;http://www.wikidata.org/entity/Q119359616;wikidata;1.0;False;;Kusumawardhani
Majapahit;Kusumawardhani;;;Wikramawardhana;Wikramawardhana;;Majapahit;Trowulan;;Singhasari;Blambangan Kingdom;1292;http://www.wikidata.org/entity/Q49326;;;;;Wangsa Rajasa;http://www.wikidata.org/entity/Q119359616;wikidata;1.0;False;;Kusumawardhani
Majapahit;Kusumawardhani;;;Wikramawardhana;Wikramawardhana;;Majapahit;Trowulan;;Singhasari;Malacca Sultanate;1292;http://www.wikidata.org/entity/Q49326;;;;;Wangsa Rajasa;http://www.wikidata.org/entity/Q119359616;wikidata;1.0;False;;Kusumawardhani
Majapahit;Kusumawardhani;;;Wikramawardhana;Wikramawardhana;;Majapahit;Trowulan;;Singhasari;Sultanate of Gowa;1292;http://www.wikidata.org/entity/Q49326;;;;;Wangsa Rajasa;http://www.wikidata.org/entity/Q119359616;wikidata;1.0;False;;Kusumawardhani
Majapahit;Kusumawardhani;;;Wikramawardhana;Wikramawardhana;;Majapahit;Trowulan;;Singhasari;Bruneian Sultanate;1292;http://www.wikidata.org/entity/Q49326;;;;;Wangsa Rajasa;http://www.wikidata.org/entity/Q119359616;wikidata;1.0;False;;Kusumawardhani
Kerajaan Sunda;Sri Baduga Maharaja;;;;;Pangeran Walangsungsang, Rara Santang;;;;;;;;;;;;;http://www.wikidata.org/entity/Q4201860;wikidata;1.0;False;;Sri Baduga Maharaja
Kesultanan Demak;Raden Hamzah;Sunan Ampel;Sunan Ampel;;;Sunan Bayat;;;;;;;;1423-01-01T00:00:00Z;1478-01-01T00:00:00Z;;;;http://www.wikidata.org/entity/Q133605804;wikidata;1.0;False;;Raden Hamzah
Kerajaan Sunda;Rara Santang;Sri Baduga Maharaja;Sri Baduga Maharaja;Syarif Abdullah Umdatuddin;Syarif Abdullah Umdatuddin;Sunan Gunung Jati;;;;;;;;1426-01-01T00:00:00Z;;;;;http://www.wikidata.org/entity/Q136235790;wikidata;1.0;False;;Rara Santang
Kesultanan Banten;Tirtayasa dari Banten;Abu al-Ma'ali;Abu al-Ma'ali;;;Abu an-Nasr;;Old Banten;;Cirebon Sultanate, Demak Sultanate, Sunda Kingdom;Bantam Presidency, Bantam Residency, Batavia, Dutch East IndiesBatavia;1526;;1631-01-01T00:00:00Z;1692-01-01T00:00:00Z;;;;http://www.wikidata.org/entity/Q2914017;wikidata;1.0;False;;Tirtayasa dari Banten
Kerajaan Mataram;Dharmawangsa Teguh;;Makuthawangsawardhana;;;Istri Airlangga, Istri Sri Jayabhupati;;;;;;;;1000-01-01T00:00:00Z;1007-01-01T00:00:00Z;Mahendradatta;;;http://www.wikidata.org/entity/Q3276813;llm_imputed;0.9;False;Wikipedia Scrape;Dharmawangsa Teguh
Kerajaan Mataram;Mpu Sindok;;;;;Sri Isyana Tunggawijaya;;;;;;;;;0947-01-01T00:00:00Z;;;;http://www.wikidata.org/entity/Q47684;wikidata;1.0;False;;Mpu Sindok
Majapahit;Raden Hamzah;Sunan Ampel;Sunan Ampel;;;Sunan Bayat;Majapahit;Trowulan;;Singhasari;Demak Sultanate;;http://www.wikidata.org/entity/Q49326;1423-01-01T00:00:00Z;1478-01-01T00:00:00Z;;;;http://www.wikidata.org/entity/Q133605804;wikidata;1.0;False;;Raden Hamzah
Majapahit;Raden Hamzah;Sunan Ampel;Sunan Ampel;;;Sunan Bayat;Majapahit;Trowulan;;Singhasari;Pagaruyung Kingdom;;http://www.wikidata.org/entity/Q49326;1423-01-01T00:00:00Z;1478-01-01T00:00:00Z;;;;http://www.wikidata.org/entity/Q133605804;wikidata;1.0;False;;Raden Hamzah
Majapahit;Raden Hamzah;Sunan Ampel;Sunan Ampel;;;Sunan Bayat;Majapahit;Trowulan;;Singhasari;Blambangan Kingdom;;http://www.wikidata.org/entity/Q49326;1423-01-01T00:00:00Z;1478-01-01T00:00:00Z;;;;http://www.wikidata.org/entity/Q133605804;wikidata;1.0;False;;Raden Hamzah
Majapahit;Raden Hamzah;Sunan Ampel;Sunan Ampel;;;Sunan Bayat;Majapahit;Trowulan;;Singhasari;Malacca Sultanate;;http://www.wikidata.org/entity/Q49326;1423-01-01T00:00:00Z;1478-01-01T00:00:00Z;;;;http://www.wikidata.org/entity/Q133605804;wikidata;1.0;False;;Raden Hamzah
Majapahit;Raden Hamzah;Sunan Ampel;Sunan Ampel;;;Sunan Bayat;Majapahit;Trowulan;;Singhasari;Sultanate of Gowa;;http://www.wikidata.org/entity/Q49326;1423-01-01T00:00:00Z;1478-01-01T00:00:00Z;;;;http://www.wikidata.org/entity/Q133605804;wikidata;1.0;False;;Raden Hamzah
Majapahit;Raden Hamzah;Sunan Ampel;Sunan Ampel;;;Sunan Bayat;Majapahit;Trowulan;;Singhasari;Bruneian Sultanate;;http://www.wikidata.org/entity/Q49326;1423-01-01T00:00:00Z;1478-01-01T00:00:00Z;;;;http://www.wikidata.org/entity/Q133605804;wikidata;1.0;False;;Raden Hamzah
Majapahit;Bondan Kajawan;Kertabhumi;Kertabhumi;;;Ki Ageng Wanasaba, Ki Getas Pendawa, Nyai Ageng Ngerang;Majapahit;Trowulan;;Singhasari;Demak Sultanate;1292;http://www.wikidata.org/entity/Q49326;;;;;;http://www.wikidata.org/entity/Q17999748;wikidata;1.0;False;;Bondan Kajawan
Majapahit;Bondan Kajawan;Kertabhumi;Kertabhumi;;;Ki Ageng Wanasaba, Ki Getas Pendawa, Nyai Ageng Ngerang;Majapahit;Trowulan;;Singhasari;Pagaruyung Kingdom;1292;http://www.wikidata.org/entity/Q49326;;;;;;http://www.wikidata.org/entity/Q17999748;wikidata;1.0;False;;Bondan Kajawan
Majapahit;Bondan Kajawan;Kertabhumi;Kertabhumi;;;Ki Ageng Wanasaba, Ki Getas Pendawa, Nyai Ageng Ngerang;Majapahit;Trowulan;;Singhasari;Blambangan Kingdom;1292;http://www.wikidata.org/entity/Q49326;;;;;;http://www.wikidata.org/entity/Q17999748;wikidata;1.0;False;;Bondan Kajawan
Majapahit;Bondan Kajawan;Kertabhumi;Kertabhumi;;;Ki Ageng Wanasaba, Ki Getas Pendawa, Nyai Ageng Ngerang;Majapahit;Trowulan;;Singhasari;Malacca Sultanate;1292;http://www.wikidata.org/entity/Q49326;;;;;;http://www.wikidata.org/entity/Q17999748;wikidata;1.0;False;;Bondan Kajawan
Majapahit;Bondan Kajawan;Kertabhumi;Kertabhumi;;;Ki Ageng Wanasaba, Ki Getas Pendawa, Nyai Ageng Ngerang;Majapahit;Trowulan;;Singhasari;Sultanate of Gowa;1292;http://www.wikidata.org/entity/Q49326;;;;;;http://www.wikidata.org/entity/Q17999748;wikidata;1.0;False;;Bondan Kajawan
Majapahit;Bondan Kajawan;Kertabhumi;Kertabhumi;;;Ki Ageng Wanasaba, Ki Getas Pendawa, Nyai Ageng Ngerang;Majapahit;Trowulan;;Singhasari;Bruneian Sultanate;1292;http://www.wikidata.org/entity/Q49326;;;;;;http://www.wikidata.org/entity/Q17999748;wikidata;1.0;False;;Bondan Kajawan
Kesultanan Aceh;Muda dari Aceh;Husain Ali Riayat Syah dari Aceh;Husain Ali Riayat Syah dari Aceh;;;;;Banda Aceh, Indrapuri, Aceh Besar;Sunni Islam;Lambri, Pasai, Pidie;Dutch East Indies;1496;;1579-01-01T00:00:00Z;1579-01-01T00:00:00Z;;;;http://www.wikidata.org/entity/Q19661774;wikidata;1.0;False;;Muda dari Aceh
Kerajaan Mataram;Makutawangsawardhana;Sri Isyana Tunggawijaya;Sri Isyana Tunggawijaya;Sri Isyana Tunggawijaya;;;;;;;;;;;;;;;http://www.wikidata.org/entity/Q12496257;wikidata;1.0;False;;Makutawangsawardhana
Kesultanan Aceh;Zaqiatuddin dari Aceh;;Naqiatuddin dari Aceh;;;Zaqiatuddin dari Aceh;;Banda Aceh, Indrapuri, Aceh Besar;Sunni Islam;Lambri, Pasai, Pidie;Dutch East Indies;1496;;1650-01-01T00:00:00Z;1678-01-01T00:00:00Z;;;;http://www.wikidata.org/entity/Q12500116;wikidata;1.0;False;;Zaqiatuddin dari Aceh
Kesultanan Aceh;Teuku Nanta Seutia;Datuk Makhudum Sati;Datuk Makhudum Sati;;;Cut Nyak Dhien, Teuku Rayut;;Banda Aceh, Indrapuri, Aceh Besar;Sunni Islam;Lambri, Pasai, Pidie;Dutch East Indies;1496;;;;;;;http://www.wikidata.org/entity/Q19744098;wikidata;1.0;False;;Teuku Nanta Seutia
Kerajaan Mataram;Lokapala;;;Sri Isyana Tunggawijaya;Sri Isyana Tunggawijaya;;;;;;;;;;;;;;http://www.wikidata.org/entity/Q28152207;wikidata;1.0;False;;Lokapala
Kesultanan Aceh;Salahuddin dari Aceh;Ali Mughayat Syah dari Aceh;Ali Mughayat Syah dari Aceh;;;;;Banda Aceh, Indrapuri, Aceh Besar;Sunni Islam;Lambri, Pasai, Pidie;Dutch East Indies;1496;;;1548-11-25T00:00:00Z;;;;http://www.wikidata.org/entity/Q4264920;wikidata;1.0;False;;Salahuddin dari Aceh
Kesultanan Aceh;Muhammad Daud Syah dari Aceh;;Sultan Mahmud Syah;Nyak Beulukeh;Teungku Putroe Gambar Gading;;;;;;;;;1864-01-01T00:00:00Z;1939-02-06T00:00:00Z;;;;http://www.wikidata.org/entity/Q12499353;llm_imputed;0.9;False;Wikipedia Scrape;Muhammad Daud Syah dari Aceh
Kesultanan Aceh;Naqiatuddin dari Aceh;;;;;Zaqiatuddin dari Aceh;;Banda Aceh, Indrapuri, Aceh Besar;Sunni Islam;Lambri, Pasai, Pidie;Dutch East Indies;1496;;1650-01-01T00:00:00Z;1678-01-01T00:00:00Z;;;;http://www.wikidata.org/entity/Q12500116;wikidata;1.0;False;;Naqiatuddin dari Aceh
Kesultanan Banjar;Sulaiman dari Banjar;Tahmidullah II dari Banjar;Tahmidullah II dari Banjar;;;;;;;;;;;1761-01-01T00:00:00Z;1825-06-03T00:00:00Z;;;;http://www.wikidata.org/entity/Q12517283;wikidata;1.0;False;;Sulaiman dari Banjar
Kesultanan Banjar;Saidullah dari Banjar;Inayatullah dari Banjar;Inayatullah dari Banjar;;;Tahlilullah;;Banjarmasin, Martapura, South Kalimantan, Murung Raya Regency;Sunni Islam;Negara Daha;Dutch East Indies;1526;;;1660-01-01T00:00:00Z;;;;http://www.wikidata.org/entity/Q10975742;wikidata;1.0;False;;Saidullah dari Banjar
Kesultanan Banjar;Inayatullah dari Banjar;Mustain Billah dari Banjar;Mustain Billah dari Banjar;;;Saidullah dari Banjar, Sultan Agung dari Banjar;;Banjarmasin, Martapura, South Kalimantan, Murung Raya Regency;Sunni Islam;Negara Daha;Dutch East Indies;1526;;;;;;;http://www.wikidata.org/entity/Q10965522;wikidata;1.0;False;;Inayatullah dari Banjar
Kesultanan Banjar;Suriansyah dari Banjar;;Raden Mantri Alu;Puteri Galuh Beranakan (Ratu Intan Sari);;;;Banjarmasin, Martapura, South Kalimantan, Murung Raya Regency;Sunni Islam;Negara Daha;Dutch East Indies;1526;;;1546-01-01T00:00:00Z;;;;http://www.wikidata.org/entity/Q10950705;llm_imputed;0.9;False;Wikipedia Scrape;Suriansyah dari Banjar
Kesultanan Banten;Maulana Muhammad;Maulana Yusuf;Maulana Yusuf;;;;;;;;;;;1982-08-08T00:00:00Z;;Pangeran Arya Jepara;;;http://www.wikidata.org/entity/Q123896563;llm_imputed;0.8;False;Wikipedia Scrape;Maulana Muhammad
Kesultanan Aceh;Badrul Alam dari Aceh;;;;;Jamalul Alam dari Aceh;;Banda Aceh, Indrapuri, Aceh Besar;Sunni Islam;Lambri, Pasai, Pidie;Dutch East Indies;1496;;;1702-01-01T00:00:00Z;;;;http://www.wikidata.org/entity/Q18205088;wikidata;1.0;False;;Badrul Alam dari Aceh
Kesultanan Aceh;Sultan Alauddin Ahmad Syah;;;;;Sultan Alauddin Johan Syah;;Banda Aceh, Indrapuri, Aceh Besar;Sunni Islam;Lambri, Pasai, Pidie;Dutch East Indies;1496;;;1735-01-01T00:00:00Z;;;;http://www.wikidata.org/entity/Q18204952;wikidata;1.0;False;;Sultan Alauddin Ahmad Syah
Kesultanan Aceh;Sultan Alauddin Riayat Syah;;;;;Sultan Ali Riayat Syah;;Banda Aceh, Indrapuri, Aceh Besar;Sunni Islam;Lambri, Pasai, Pidie;Dutch East Indies;1496;;;1605-01-01T00:00:00Z;;;;http://www.wikidata.org/entity/Q18204970;wikidata;1.0;False;;Sultan Alauddin Riayat Syah
Kesultanan Aceh;Sultan Perkasa Alam Syarif Lamtui;;;;;Jamalul Alam dari Aceh;;Banda Aceh, Indrapuri, Aceh Besar;Sunni Islam;Lambri, Pasai, Pidie;Dutch East Indies;1496;;;;;;;http://www.wikidata.org/entity/Q18210821;wikidata;1.0;False;;Sultan Perkasa Alam Syarif Lamtui
Kesultanan Demak;Sunan Gunung Jati;Syarif Abdullah Umdatuddin;Syarif Abdullah Umdatuddin;;;Maulana Hasanuddin;;;;;;;;1448-01-01T00:00:00Z;1569-01-01T00:00:00Z;;;Alawiyyin;http://www.wikidata.org/entity/Q4201195;wikidata;1.0;False;;Sunan Gunung Jati
Kesultanan Banten;Abu al-Ma'ali;Abu al-Mafakhir;Abu al-Mafakhir;;;Tirtayasa dari Banten;;Old Banten;;Cirebon Sultanate, Demak Sultanate, Sunda Kingdom;Bantam Presidency, Bantam Residency, Batavia, Dutch East IndiesBatavia;1526;;http://www.wikidata.org/.well-known/genid/18c9b24f542db93a3c45cebe1db76186;1650-01-01T00:00:00Z;;;;http://www.wikidata.org/entity/Q41799422;wikidata;1.0;False;;Abu al-Ma'ali
Kesultanan Banten;Maulana Yusuf;Maulana Hasanuddin;Maulana Hasanuddin;Ratu Ayu Kirana;Ratu Hadijah;Ratu Winaon, Pangeran Muhammad;;;;;;;;;;;;;http://www.wikidata.org/entity/Q109697553;llm_imputed;0.9;False;Wikipedia Scrape;Maulana Yusuf
Kesultanan Banjar;Surya Alam dari Banjar;Tahlilullah;Tahlilullah;;;Tamjidillah I dari Banjar;;;;;;;;;;;;;http://www.wikidata.org/entity/Q12518174;wikidata;1.0;False;;Surya Alam dari Banjar
Kesultanan Banjar;Tahmidullah II dari Banjar;Tamjidillah I dari Banjar;Tamjidillah I dari Banjar;;;Sulaiman dari Banjar;;;;;;;;1727-01-01T00:00:00Z;1801-04-19T00:00:00Z;;;;http://www.wikidata.org/entity/Q12517718;wikidata;1.0;False;;Tahmidullah II dari Banjar
Kesultanan Banjar;Muhammad Seman dari Banjar;;Pangeran Antasari;Nyai Fatimah;two Dayak princesses from the Ot Danum tribe;Gusti Berakit;;Banjarmasin, Martapura, South Kalimantan, Murung Raya Regency;Sunni Islam;Negara Daha;Dutch East Indies;1526;;1897-01-01T00:00:00Z;;;;;http://www.wikidata.org/entity/Q12499382;llm_imputed;0.9;False;Wikipedia Scrape;Muhammad Seman dari Banjar
Kesultanan Banjar;Muhammad dari Banjar;;Hamidullah;;Putri Tamjidillah I;;;Banjarmasin, Martapura, South Kalimantan, Murung Raya Regency;Sunni Islam;Negara Daha;Dutch East Indies;1526;;1730-01-01T00:00:00Z;1761-01-16T00:00:00Z;;;;http://www.wikidata.org/entity/Q12499402;llm_imputed;0.8;False;Wikipedia Scrape;Muhammad dari Banjar
Kesultanan Banjar;Rakyatullah dari Banjar;;Marhum Panembahan;Seorang selir dari suku Jawa;Andin Hayu, Nyai Mas Tapi;Raden Hangkut (Pangeran Aria Wiraraja), Puteri Samut (Puteri Galuh Hasanah), Puteri Kumkuma;;Banjarmasin, Martapura, South Kalimantan, Murung Raya Regency;Sunni Islam;Negara Daha;Dutch East Indies;1526;;;;;;;http://www.wikidata.org/entity/Q12507782;llm_imputed;0.9;False;Wikipedia Scrape;Rahmatullah dari Banjar
Kesultanan Banjar;Soeria Kasoema;;Bayan Aji;Galuh Salamah;Ratu Lim Pe Tek Nio (Siti Ra’imah);;;Banjarmasin, Martapura, South Kalimantan, Murung Raya Regency;Sunni Islam;Negara Daha;Dutch East Indies;1526;;;;HM Normas, Ung Dibab (M. Jafri), Galuh Rahmah, Galuh Amnah (Aminah), H Hamid, HM Said (Corong);;;http://www.wikidata.org/entity/Q12515777;llm_imputed;0.9;False;Wikipedia Scrape;Soeria Kasoema
Kesultanan Banjar;Tamjidullah II dari Banjar;;Abdul Rahman dari Banjar;Nyai Biyar (Nyai Besar Aminah Putri Dayak Tionghoa);;;;Banjarmasin, Martapura, South Kalimantan, Murung Raya Regency;Sunni Islam;Negara Daha;Dutch East Indies;1526;;1817-01-01T00:00:00Z;;Hidayatullah II dari Banjar, Pangeran Ratu Rahmatullah;;;http://www.wikidata.org/entity/Q12519059;llm_imputed;0.9;False;Wikipedia Scrape;Tahmidullah II dari Banjar
Kesultanan Banten;Maulana Hasanuddin;Sunan Gunung Jati;Sunan Gunung Jati;;;Maulana Yusuf;;Old Banten;;Cirebon Sultanate, Demak Sultanate, Sunda Kingdom;Bantam Presidency, Bantam Residency, Batavia, Dutch East IndiesBatavia;1526;;1478-01-01T00:00:00Z;1570-01-01T00:00:00Z;;;;http://www.wikidata.org/entity/Q12497581;wikidata;1.0;False;;Maulana Hasanuddin
Kesultanan Aceh;Iskandar Tsani dari Aceh;Ahmad Shah II of Pahang;Ahmad Shah II of Pahang;Safiatuddin dari Aceh;Safiatuddin dari Aceh;;;Banda Aceh, Indrapuri, Aceh Besar;Sunni Islam;Lambri, Pasai, Pidie;Dutch East Indies;1496;;1610-01-01T00:00:00Z;1641-02-15T00:00:00Z;;;;http://www.wikidata.org/entity/Q4264509;wikidata;1.0;False;;Iskandar Tsani dari Aceh
Kesultanan Aceh;Iskandar Muda dari Aceh;;;;;Safiatuddin dari Aceh;;Banda Aceh, Indrapuri, Aceh Besar;Sunni Islam;Lambri, Pasai, Pidie;Dutch East Indies;1496;;1583-01-01T00:00:00Z;1636-12-27T00:00:00Z;;;;http://www.wikidata.org/entity/Q375774;wikidata;1.0;False;;Muda dari Aceh
Kesultanan Banten;Abu al-Fadhl;Abu an-Nasr;Abu an-Nasr;;;;;;;;;;;http://www.wikidata.org/.well-known/genid/f9ae6c7a1c272153117e99a2bf8cadd7;1690-01-01T00:00:00Z;Abu al-Mahasin;;;http://www.wikidata.org/entity/Q57818896;wikidata;1.0;False;;Abu al-Fadhl
Kesultanan Banten;Abu al-Mahasin;Abu an-Nasr;Abu an-Nasr;;;Syifa Zainularifin, Wasi Zainulalimin;;Old Banten;;Cirebon Sultanate, Demak Sultanate, Sunda Kingdom;Bantam Presidency, Bantam Residency, Batavia, Dutch East IndiesBatavia;1526;;http://www.wikidata.org/.well-known/genid/776342bfdce90153563b8e112b3290de;1733-01-01T00:00:00Z;Abu al-Fadhl;;;http://www.wikidata.org/entity/Q57819481;wikidata;1.0;False;;Abu al-Mahasin
Kesultanan Aceh;Cut Nya’ Dhien;Teuku Nanta Seutia;;Teuku Umar;;;;;;;;;;;;;;;;original;1.0;False;;Cut Nya’ Dhien
Kesultanan Banten;Abu al-Mafakhir;Maulana Muhammad;Maulana Muhammad;;;Abu al-Ma'ali;;Old Banten;;Cirebon Sultanate, Demak Sultanate, Sunda Kingdom;Bantam Presidency, Bantam Residency, Batavia, Dutch East IndiesBatavia;1526;;1596-01-01T00:00:00Z;1651-03-10T00:00:00Z;;;;http://www.wikidata.org/entity/Q7130931;wikidata;1.0;False;;Abu al-Mafakhir
Kesultanan Aceh;Husain Ali Riayat Syah dari Aceh;Alauddin al-Qahhar dari Aceh;Alauddin al-Qahhar dari Aceh;;;Muda dari Aceh;;Banda Aceh, Indrapuri, Aceh Besar;Sunni Islam;Lambri, Pasai, Pidie;Dutch East Indies;1496;;;1579-06-08T00:00:00Z;;;;http://www.wikidata.org/entity/Q12709858;wikidata;1.0;False;;Husain Ali Riayat Syah dari Aceh
Majapahit;Suraprabhawa;Kertawijaya;Kertawijaya;;;;Majapahit;Trowulan;;Singhasari;Demak Sultanate;1292;http://www.wikidata.org/entity/Q49326;http://www.wikidata.org/.well-known/genid/d19d70b480afeed45b16fcc26c548741;1474-01-01T00:00:00Z;;;;http://www.wikidata.org/entity/Q19748670;wikidata;1.0;False;;Suraprabhawa
Majapahit;Suraprabhawa;Kertawijaya;Kertawijaya;;;;Majapahit;Trowulan;;Singhasari;Pagaruyung Kingdom;1292;http://www.wikidata.org/entity/Q49326;http://www.wikidata.org/.well-known/genid/d19d70b480afeed45b16fcc26c548741;1474-01-01T00:00:00Z;;;;http://www.wikidata.org/entity/Q19748670;wikidata;1.0;False;;Suraprabhawa
Majapahit;Suraprabhawa;Kertawijaya;Kertawijaya;;;;Majapahit;Trowulan;;Singhasari;Blambangan Kingdom;1292;http://www.wikidata.org/entity/Q49326;http://www.wikidata.org/.well-known/genid/d19d70b480afeed45b16fcc26c548741;1474-01-01T00:00:00Z;;;;http://www.wikidata.org/entity/Q19748670;wikidata;1.0;False;;Suraprabhawa
Majapahit;Suraprabhawa;Kertawijaya;Kertawijaya;;;;Majapahit;Trowulan;;Singhasari;Malacca Sultanate;1292;http://www.wikidata.org/entity/Q49326;http://www.wikidata.org/.well-known/genid/d19d70b480afeed45b16fcc26c548741;1474-01-01T00:00:00Z;;;;http://www.wikidata.org/entity/Q19748670;wikidata;1.0;False;;Suraprabhawa
Majapahit;Suraprabhawa;Kertawijaya;Kertawijaya;;;;Majapahit;Trowulan;;Singhasari;Sultanate of Gowa;1292;http://www.wikidata.org/entity/Q49326;http://www.wikidata.org/.well-known/genid/d19d70b480afeed45b16fcc26c548741;1474-01-01T00:00:00Z;;;;http://www.wikidata.org/entity/Q19748670;wikidata;1.0;False;;Suraprabhawa
Majapahit;Suraprabhawa;Kertawijaya;Kertawijaya;;;;Majapahit;Trowulan;;Singhasari;Bruneian Sultanate;1292;http://www.wikidata.org/entity/Q49326;http://www.wikidata.org/.well-known/genid/d19d70b480afeed45b16fcc26c548741;1474-01-01T00:00:00Z;;;;http://www.wikidata.org/entity/Q19748670;wikidata;1.0;False;;Suraprabhawa
Kesultanan Banten;Syifa Zainularifin;Abu al-Mahasin;Abu al-Mahasin;;;Arif Zainulasyiqin;;Old Banten;;Cirebon Sultanate, Demak Sultanate, Sunda Kingdom;Bantam Presidency, Bantam Residency, Batavia, Dutch East IndiesBatavia;1526;;http://www.wikidata.org/.well-known/genid/1de0d03f0e665e7aaf6d143b26b7c5d7;1750-01-01T00:00:00Z;Wasi Zainulalimin;;;http://www.wikidata.org/entity/Q57820133;wikidata;1.0;False;;Syifa Zainularifin
Kesultanan Banten;Wasi Zainulalimin;Abu al-Mahasin;Abu al-Mahasin;;;;;Old Banten;;Cirebon Sultanate, Demak Sultanate, Sunda Kingdom;Bantam Presidency, Bantam Residency, Batavia, Dutch East IndiesBatavia;1526;;;;Syifa Zainularifin;;;http://www.wikidata.org/entity/Q57820832;wikidata;1.0;False;;Wasi Zainulalimin
Kerajaan Klungkung;Dewa Agung Gede;Dewa Agung Jambe I;Dewa Agung Jambe I;;;Dewa Agung Made;;;;;;;;;;;;;http://www.wikidata.org/entity/Q121154103;wikidata;1.0;False;;Dewa Agung Gede
Kerajaan Klungkung;Dewa Agung Jambe II;Dewa Agung Putra III Bhatara Dalem;;;;Dewa Agung Gede;;;;;;;;;;;Dalem Di Made;;http://www.wikidata.org/entity/Q121154102;wikidata;1.0;False;;Dewa Agung Jambe II
Kerajaan Klungkung;Dewa Agung Made;Dewa Agung Gede;Dewa Agung Gede;;;Dewa Agung Śakti;;;;;;;;;;;;;http://www.wikidata.org/entity/Q121154105;wikidata;1.0;False;;Dewa Agung Made
Kerajaan Klungkung;Dewa Agung Putra I Kusamba;Dewa Agung Śakti;Dewa Agung Śakti;;;;;;;;;;;;;;;;http://www.wikidata.org/entity/Q121154109;wikidata;1.0;False;;Dewa Agung Putra I Kusamba
Kerajaan Klungkung;Dewa Agung Śakti;Dewa Agung Made;Dewa Agung Made;;;Dewa Agung Putra I Kusamba;;;;;;;;;;;;;http://www.wikidata.org/entity/Q121154107;wikidata;1.0;False;;Dewa Agung Śakti
kerajaan demak;Sunan Bonang;Sunan Ampel;Sunan Ampel;;;;;;;;;;;1465-01-01T00:00:00Z;1525-01-01T00:00:00Z;Sunan Drajat;Sunan Giri;;http://www.wikidata.org/entity/Q7443276;wikidata;1.0;False;;Sunan Bonang
Kesultanan Siak Sri Inderapura;Sayyid Usman Syahabuddin;;;;;Sayyid Ali dari Siak, Sultan Syarif Abdurrahman;;;;;;;;;;;;;http://www.wikidata.org/entity/Q135319723;wikidata;1.0;False;;Sayyid Usman Syahabuddin
Kesultanan Cirebon;Pangeran Walangsungsang;Sri Baduga Maharaja;Sri Baduga Maharaja;;;;;;;;;;;1423-01-01T00:00:00Z;1529-01-01T00:00:00Z;;;;http://www.wikidata.org/entity/Q131955027;wikidata;1.0;False;;Pangeran Walangsungsang
Kesunanan Surakarta;Pakubuwana X;Pakubuwana IX;Pakubuwana IX;;;G. P. H. Djatikoesoemo, Haryo Mataram, Kussalbiyah, Pakubuwana XI, Retno Puwoso;;;;;;;;1866-11-29T00:00:00Z;1939-02-22T00:00:00Z;;Mooryati Soedibyo;Wangsa Mataram;http://www.wikidata.org/entity/Q2330098;wikidata;1.0;False;;Pakubuwana X
Kesultanan Siak Sri Inderapura;Abdul Jalil Syah dari Siak;Mahmud Syah II dari Johor;Mahmud Syah II dari Johor;;;Mahmud dari Siak;;;;;;;;http://www.wikidata.org/.well-known/genid/3a4ab4bd80af2264d5e0a0c45a341902;1746-01-01T00:00:00Z;;;;http://www.wikidata.org/entity/Q11169169;wikidata;1.0;False;;Abdul Jalil Syah dari Siak
Kesultanan Lingga;Sulaiman II Badrul Alam Syah;Abdul Rahman Muazzam Syah dari Lingga;Abdul Rahman Muazzam Syah dari Lingga;;;;;;;;;;;http://www.wikidata.org/.well-known/genid/68d127c6441c7f5e61579ff1c1cb8030;1883-09-17T00:00:00Z;;;Wangsa Bendahara;http://www.wikidata.org/entity/Q12709895;wikidata;1.0;False;;Sulaiman II Badrul Alam Syah
Kerajaan Klungkung;Dewa Agung Jambe I;;;;;Dewa Agung Gede;;;;;;;;;;;Dalem Di Made;;http://www.wikidata.org/entity/Q121154102;wikidata;1.0;False;;Dewa Agung Jambe I
Kerajaan Klungkung;Dewa Agung Oka Geg;;;;;;;;;;;;;;1964-01-01T00:00:00Z;;Dewa Agung Jambe II;;http://www.wikidata.org/entity/Q121142872;wikidata;1.0;False;;Dewa Agung Oka Geg
Kerajaan Klungkung;Dewa Agung Putra III Bhatara Dalem;;;;;Dewa Agung Jambe II;;;;;;;;;;;;;http://www.wikidata.org/entity/Q121154113;wikidata;1.0;False;;Dewa Agung Putra III Bhatara Dalem
Kesultanan Tidore;Al-Mansur dari Tidore;;;;;Mir of Tidore;;Tidore;Sunni Islam;;Dutch East Indies;1081;;;1526-01-01T00:00:00Z;;;;http://www.wikidata.org/entity/Q89372631;wikidata;1.0;False;;Al-Mansur dari Tidore
Kesultanan Tidore;Mir of Tidore;Al-Mansur dari Tidore;Al-Mansur dari Tidore;;;;;Tidore;Sunni Islam;;Dutch East Indies;1081;;1510-01-01T00:00:00Z;1550-01-01T00:00:00Z;;;;http://www.wikidata.org/entity/Q89377011;wikidata;1.0;False;;Mir of Tidore
Kadipaten Surabaya;Pangeran Pekik;Jayalengkara;Jayalengkara;;;;;Surabaya;Islam;Demak Sultanate;Mataram Sultanate;;;1650-01-01T00:00:00Z;1659-01-01T00:00:00Z;;;;http://www.wikidata.org/entity/Q12502604;wikidata;1.0;False;;Pangeran Pekik
Kutai;Muhammad bin Yahya;;;;;;Kutai;;;;;;http://www.wikidata.org/entity/Q1794655;1844-01-01T00:00:00Z;1949-02-17T00:00:00Z;;;Alawiyyin;http://www.wikidata.org/entity/Q50702104;wikidata;1.0;False;;Muhammad bin Yahya
Kesunanan Surakarta;Kanjeng Raden Mas Haryo Wuryaningrat;;;;;;;Surakarta;Kejawèn, Sunni Islam;Mataram Sultanate;Special Region of Surakarta;;;;;Kanjeng Raden Mas Haryo Sosrodiningrat V;;Kesunanan Surakarta;http://www.wikidata.org/entity/Q104765484;wikidata;1.0;False;;Kanjeng Raden Mas Haryo Wuryaningrat
Kesultanan Cirebon;Panembahan Ratu I;;;;Glampok Raras;;;;;;;;;1547-01-01T00:00:00Z;1649-01-01T00:00:00Z;;;;http://www.wikidata.org/entity/Q132673938;llm_imputed;0.8;False;Wikipedia Scrape;Panembahan Ratu I
Kesultanan Siak Sri Inderapura;Syarif Kasim II dari Siak;Syarif Hasyim dari Siak;Syarif Hasyim dari Siak;;;;;;;;;;;1893-12-01T00:00:00Z;1968-04-23T00:00:00Z;;;;http://www.wikidata.org/entity/Q11214817;wikidata;1.0;False;;Syarif Kasim II dari Siak
Majapahit;Sunan Mertayasa;Maulana Ishaq;Maulana Ishaq;;;;Majapahit;Trowulan;;Singhasari;Demak Sultanate;1292;http://www.wikidata.org/entity/Q49326;;;;;;http://www.wikidata.org/entity/Q137543347;wikidata;1.0;False;;Sunan Mertayasa
Majapahit;Sunan Mertayasa;Maulana Ishaq;Maulana Ishaq;;;;Majapahit;Trowulan;;Singhasari;Pagaruyung Kingdom;1292;http://www.wikidata.org/entity/Q49326;;;;;;http://www.wikidata.org/entity/Q137543347;wikidata;1.0;False;;Sunan Mertayasa
Majapahit;Sunan Mertayasa;Maulana Ishaq;Maulana Ishaq;;;;Majapahit;Trowulan;;Singhasari;Blambangan Kingdom;1292;http://www.wikidata.org/entity/Q49326;;;;;;http://www.wikidata.org/entity/Q137543347;wikidata;1.0;False;;Sunan Mertayasa
Majapahit;Sunan Mertayasa;Maulana Ishaq;Maulana Ishaq;;;;Majapahit;Trowulan;;Singhasari;Malacca Sultanate;1292;http://www.wikidata.org/entity/Q49326;;;;;;http://www.wikidata.org/entity/Q137543347;wikidata;1.0;False;;Sunan Mertayasa
Majapahit;Sunan Mertayasa;Maulana Ishaq;Maulana Ishaq;;;;Majapahit;Trowulan;;Singhasari;Sultanate of Gowa;1292;http://www.wikidata.org/entity/Q49326;;;;;;http://www.wikidata.org/entity/Q137543347;wikidata;1.0;False;;Sunan Mertayasa
Majapahit;Sunan Mertayasa;Maulana Ishaq;Maulana Ishaq;;;;Majapahit;Trowulan;;Singhasari;Bruneian Sultanate;1292;http://www.wikidata.org/entity/Q49326;;;;;;http://www.wikidata.org/entity/Q137543347;wikidata;1.0;False;;Sunan Mertayasa
Kesultanan Cirebon;Sunan Gunung Jati;Syarif Abdullah Umdatuddin;Syarif Abdullah Umdatuddin;;;Maulana Hasanuddin;;;;;;;;1448-01-01T00:00:00Z;1569-01-01T00:00:00Z;;;Alawiyyin;http://www.wikidata.org/entity/Q4201195;wikidata;1.0;False;;Sunan Gunung Jati
Kesultanan Banjar;Tahlilullah;Saidullah dari Banjar;Saidullah dari Banjar;;;Surya Alam dari Banjar;;Banjarmasin, Martapura, South Kalimantan, Murung Raya Regency;Sunni Islam;Negara Daha;Dutch East Indies;1526;;1654-01-01T00:00:00Z;1708-01-01T00:00:00Z;;;;http://www.wikidata.org/entity/Q19748674;wikidata;1.0;False;;Tahlilullah
Kesultanan Pajang;Sunan Demak;Sunan Ampel;Sunan Ampel;;;;;;Islam;Demak Sultanate;Mataram Sultanate;1568;;1473-01-01T00:00:00Z;1570-01-01T00:00:00Z;;;;http://www.wikidata.org/entity/Q135552791;wikidata;1.0;False;;Sunan Demak
Kesultanan Banjar;Tamjidillah I dari Banjar;Surya Alam dari Banjar;Surya Alam dari Banjar;;;Tahmidullah II dari Banjar;;Banjarmasin, Martapura, South Kalimantan, Murung Raya Regency;Sunni Islam;Negara Daha;Dutch East Indies;1526;;;;;;;http://www.wikidata.org/entity/Q19741752;wikidata;1.0;False;;Tahmidullah II dari Banjar
Kadipaten Surabaya;Jayalengkara;;;;;Pangeran Pekik;;Surabaya;Islam;Demak Sultanate;Mataram Sultanate;;;;;;;;http://www.wikidata.org/entity/Q133897328;wikidata;1.0;False;;Jayalengkara
Kesultanan Banjar;Adam dari Banjar;;Sulaiman dari Banjar;;;;;Banjarmasin, Martapura, South Kalimantan, Murung Raya Regency;Sunni Islam;Negara Daha;Dutch East Indies;1526;;1776-01-01T00:00:00Z;;;;;http://www.wikidata.org/entity/Q16163200;llm_imputed;0.8;False;Wikipedia Scrape;Adam dari Banjar
Kesultanan Cirebon;Rara Santang;Sri Baduga Maharaja;Sri Baduga Maharaja;Syarif Abdullah Umdatuddin;Syarif Abdullah Umdatuddin;Sunan Gunung Jati;;;;;;;;1426-01-01T00:00:00Z;;;;;http://www.wikidata.org/entity/Q136235790;wikidata;1.0;False;;Rara Santang
Kesultanan Banjar;Hamidullah dari Banjar;;Amirullah Bagus Kesuma;;;Pangeran Mohammad Aliuddin Aminullah;;Banjarmasin, Martapura, South Kalimantan, Murung Raya Regency;Sunni Islam;Negara Daha;Dutch East Indies;1526;;;;Pangeran Tamjidillah I;;;http://www.wikidata.org/entity/Q17998598;llm_imputed;0.9;False;Wikipedia Scrape;Tahmidullah II dari Banjar
Kesultanan Banjar;Mustain Billah dari Banjar;Hidayatullah I dari Banjar;Hidayatullah I dari Banjar;;;Inayatullah dari Banjar;;Banjarmasin, Martapura, South Kalimantan, Murung Raya Regency;Sunni Islam;Negara Daha;Dutch East Indies;1526;;;1638-01-01T00:00:00Z;;;;http://www.wikidata.org/entity/Q19752264;wikidata;1.0;False;;Mustain Billah dari Banjar
Kesultanan Ngayogyakarta Hadiningrat;Ahmad Dahlan;;;Nyai Ahmad Dahlan;;;;;;;;;;1989-07-29T00:00:00Z;;;;;http://www.wikidata.org/entity/Q123873568;wikidata;1.0;False;;Ahmad Dahlan
